Date,CROWSNEST RIVER AT FRANK,ELK RIVER AT FERNIE,HOSMER CREEK ABOVE DIVERSIONS,MICHEL CREEK ABOVE CORBIN CREEK
1984-04-17,3.18,30.8,0.378,0.848
1984-04-18,3.49,34.4,0.312,0.835
1984-04-19,3.63,34.8,0.312,0.805
1984-04-20,3.64,35.1,0.312,0.776
1984-04-21,3.48,35.8,0.306,0.746
1984-04-22,3.59,39.3,0.301,0.717
1984-04-23,3.39,39.7,0.234,0.688
1984-04-24,3.13,37.9,0.168,0.658
1984-04-25,2.9,35.6,0.158,0.629
1984-04-26,2.84,33.6,0.147,0.599
1984-04-27,2.64,31.1,0.134,0.57
1984-04-28,2.54,29.0,0.121,0.563
1984-04-29,2.46,27.8,0.113,0.555
1984-04-30,2.43,26.5,0.104,0.505
1984-05-01,2.39,25.9,0.113,0.455
1984-05-02,2.46,27.1,0.121,0.455
1984-05-03,2.49,26.4,0.113,0.455
1984-05-04,2.38,25.0,0.104,0.448
1984-05-05,2.43,25.3,0.114,0.44
1984-05-06,2.45,25.7,0.124,0.435
1984-05-07,2.46,25.6,0.329,0.43
1984-05-08,2.63,25.9,0.147,0.554
1984-05-09,3.82,33.6,0.452,0.678
1984-05-10,3.57,33.5,0.371,0.629
1984-05-11,3.44,31.8,0.333,0.58
1984-05-12,3.47,31.5,0.295,0.635
1984-05-13,3.63,31.6,0.463,0.69
1984-05-14,4.59,37.1,0.63,1.34
1984-05-15,6.65,54.9,0.63,2.62
1984-05-16,9.97,77.8,0.63,3.02
1984-05-17,8.61,79.9,0.739,2.24
1984-05-18,7.59,76.2,0.849,2.0
1984-05-19,7.44,78.9,0.739,2.29
1984-05-20,8.37,94.5,0.63,3.7
1984-05-21,7.9,91.1,0.62,2.65
1984-05-22,7.33,81.7,0.611,2.19
1984-05-23,7.3,79.0,0.529,2.39
1984-05-24,6.99,77.9,0.448,2.14
1984-05-25,6.71,74.6,0.41,2.02
1984-05-26,6.63,70.8,0.371,1.88
1984-05-27,6.46,68.2,0.41,1.88
1984-05-28,6.4,68.5,0.448,1.95
1984-05-29,7.12,80.0,0.509,2.67
1984-05-30,10.1,127.0,0.57,4.37
1984-05-31,13.2,187.0,0.63,4.56
1984-06-01,11.5,155.0,0.468,2.91
1984-06-02,9.84,125.0,0.306,2.62
1984-06-03,9.03,114.0,0.332,2.52
1984-06-04,8.73,110.0,0.358,2.52
1984-06-05,8.67,110.0,0.352,2.8
1984-06-06,8.7,113.0,0.345,2.8
1984-06-07,8.86,124.0,0.332,2.91
1984-06-08,9.83,137.0,0.319,3.46
1984-06-09,10.5,148.0,0.313,3.16
1984-06-10,10.2,139.0,0.306,2.7
1984-06-11,9.97,134.0,0.313,2.57
1984-06-12,10.2,136.0,0.319,2.65
1984-06-13,10.6,149.0,0.325,2.92
1984-06-14,11.1,159.0,0.378,3.19
1984-06-15,12.0,179.0,0.319,3.46
1984-06-16,12.0,193.0,0.306,3.31
1984-06-17,11.5,190.0,0.306,3.24
1984-06-18,10.5,174.0,0.306,3.16
1984-06-19,9.93,159.0,0.313,2.8
1984-06-20,9.54,150.0,0.319,2.52
1984-06-21,10.1,152.0,0.313,2.57
1984-06-22,10.5,151.0,0.306,2.29
1984-06-23,9.59,136.0,0.306,2.16
1984-06-24,9.31,140.0,0.306,2.02
1984-06-25,9.35,150.0,0.306,2.06
1984-06-26,9.34,154.0,0.306,2.1
1984-06-27,9.25,153.0,0.255,2.05
1984-06-28,9.14,152.0,0.204,2.0
1984-06-29,9.13,149.0,0.202,1.92
1984-06-30,9.05,145.0,0.2,1.84
1984-07-01,8.22,127.0,0.15,1.56
1984-07-02,7.57,108.0,0.099,1.29
1984-07-03,7.16,96.6,0.099,1.22
1984-07-04,6.94,90.6,0.099,1.15
1984-07-05,6.95,90.6,0.15,1.1
1984-07-06,6.95,97.0,0.2,1.05
1984-07-07,6.69,90.4,0.2,1.0
1984-07-08,6.39,82.2,0.2,0.954
1984-07-09,5.98,76.3,0.164,0.858
1984-07-10,5.67,71.2,0.127,0.762
1984-07-11,5.54,68.1,0.102,0.75
1984-07-12,5.52,67.1,0.076,0.738
1984-07-13,5.38,67.0,0.076,0.696
1984-07-14,5.24,65.1,0.076,0.654
1984-07-15,5.1,62.1,0.076,0.617
1984-07-16,4.91,59.5,0.076,0.58
1984-07-17,4.78,57.4,0.071,0.56
1984-07-18,4.62,56.6,0.065,0.54
1984-07-19,4.55,55.8,0.06,0.51
1984-07-20,4.44,54.2,0.055,0.48
1984-07-21,4.37,53.2,0.053,0.445
1984-07-22,4.2,51.1,0.051,0.41
1984-07-23,3.92,47.5,0.051,0.4
1984-07-24,3.75,44.3,0.051,0.39
1984-07-25,3.58,42.1,0.05,0.367
1984-07-26,3.61,41.4,0.048,0.344
1984-07-27,3.67,41.6,0.034,0.34
1984-07-28,3.8,43.9,0.04,0.335
1984-07-29,3.86,44.7,0.039,0.353
1984-07-30,3.84,46.7,0.037,0.371
1984-07-31,3.59,44.1,0.037,0.335
1984-08-01,3.51,41.9,0.037,0.299
1984-08-02,3.67,40.6,0.037,0.34
1984-08-03,4.24,42.9,0.037,0.38
1984-08-04,3.9,40.3,0.036,0.362
1984-08-05,3.71,39.1,0.034,0.344
1984-08-06,3.77,40.2,0.034,0.326
1984-08-07,3.48,39.5,0.034,0.283
1984-08-08,3.25,38.8,0.033,0.262
1984-08-09,3.16,36.5,0.031,0.243
1984-08-10,3.05,34.9,0.031,0.231
1984-08-11,2.97,34.1,0.031,0.219
1984-08-12,2.91,33.2,0.031,0.215
1984-08-13,2.86,32.4,0.031,0.229
1984-08-14,2.71,31.8,0.03,0.203
1984-08-15,2.61,30.6,0.028,0.187
1984-08-16,2.55,29.3,0.028,0.174
1984-08-17,2.5,28.5,0.028,0.17
1984-08-18,2.44,27.9,0.028,0.171
1984-08-19,2.38,28.1,0.028,0.171
1984-08-20,2.33,28.5,0.028,0.16
1984-08-21,2.25,27.5,0.028,0.159
1984-08-22,2.22,26.3,0.028,0.153
1984-08-23,2.17,24.8,0.028,0.151
1984-08-24,2.13,24.1,0.028,0.147
1984-08-25,2.11,23.9,0.028,0.147
1984-08-26,2.07,23.5,0.028,0.14
1984-08-27,1.93,22.9,0.028,0.137
1984-08-28,2.04,24.0,0.027,0.146
1984-08-29,1.92,24.6,0.025,0.138
1984-08-30,1.9,24.3,0.025,0.141
1984-08-31,1.97,23.6,0.025,0.138
1984-09-01,1.93,22.8,0.025,0.145
1984-09-02,1.94,21.8,0.025,0.143
1984-09-03,1.92,21.5,0.025,0.139
1984-09-04,1.92,20.9,0.025,0.136
1984-09-05,1.84,20.3,0.024,0.129
1984-09-06,1.93,20.8,0.024,0.193
1984-09-07,1.93,21.1,0.024,0.2
1984-09-08,1.86,21.2,0.024,0.176
1984-09-09,1.91,20.8,0.024,0.421
1984-09-10,1.95,21.1,0.024,0.246
1984-09-11,1.95,20.6,0.024,0.203
1984-09-12,1.97,20.8,0.024,0.219
1984-09-13,1.91,20.3,0.024,0.216
1984-09-14,1.87,20.1,0.024,0.188
1984-09-15,1.86,19.7,0.024,0.172
1984-09-16,1.8,19.1,0.024,0.154
1984-09-17,1.71,18.4,0.024,0.147
1984-09-18,1.63,18.1,0.024,0.145
1984-09-19,1.64,18.0,0.024,0.137
1984-09-20,1.8,18.7,0.024,0.177
1984-09-21,2.4,24.9,0.024,0.355
1984-09-22,2.28,24.6,0.024,0.276
1984-09-23,2.16,23.5,0.024,0.229
1984-09-24,2.07,22.5,0.024,0.194
1984-09-25,2.03,22.0,0.025,0.187
1984-09-26,1.98,21.4,0.024,0.176
1984-09-27,1.95,20.9,0.024,0.168
1984-09-28,1.97,20.2,0.025,0.158
1984-09-29,2.0,19.7,0.024,0.153
1984-09-30,1.96,19.5,0.024,0.156
1984-10-01,2.0,19.4,0.025,0.158
1984-10-02,1.98,19.0,0.026,0.167
1985-04-01,1.12,13.0,0.05,0.19
1985-04-02,1.23,16.7,0.098,0.202
1985-04-03,1.36,19.5,0.097,0.276
1985-04-04,1.28,18.4,0.095,0.231
1985-04-05,1.25,17.2,0.096,0.221
1985-04-06,1.25,16.7,0.095,0.24
1985-04-07,1.25,16.6,0.098,0.267
1985-04-08,1.3,17.0,0.1,0.295
1985-04-09,1.39,18.7,0.154,0.337
1985-04-10,1.65,22.2,0.207,0.388
1985-04-11,2.03,26.9,0.234,0.562
1985-04-12,2.48,30.6,0.261,0.72
1985-04-13,3.21,34.7,0.256,0.987
1985-04-14,4.21,43.8,0.251,1.24
1985-04-15,4.06,46.9,0.243,1.22
1985-04-16,3.68,43.1,0.233,0.969
1985-04-17,3.72,41.6,0.229,0.906
1985-04-18,3.53,40.2,0.233,0.781
1985-04-19,3.61,38.3,0.114,0.652
1985-04-20,3.43,36.2,0.108,0.578
1985-04-21,3.16,32.1,0.098,0.507
1985-04-22,2.99,30.2,0.098,0.479
1985-04-23,2.92,29.6,0.098,0.423
1985-04-24,2.81,28.0,0.103,0.401
1985-04-25,2.69,26.6,0.114,0.372
1985-04-26,2.62,25.5,0.114,0.361
1985-04-27,2.78,27.8,0.498,0.523
1985-04-28,4.05,36.3,0.482,1.38
1985-04-29,4.63,42.1,0.347,1.33
1985-04-30,4.61,43.2,0.36,1.34
1985-05-01,4.9,45.9,0.354,1.55
1985-05-02,5.8,55.5,0.585,2.13
1985-05-03,7.3,74.1,0.62,2.9
1985-05-04,7.7,86.1,0.685,2.66
1985-05-05,6.65,76.7,0.685,1.93
1985-05-06,6.05,67.9,1.1,1.66
1985-05-07,5.94,66.0,1.16,1.71
1985-05-08,6.05,68.0,1.1,1.79
1985-05-09,6.12,70.4,0.335,1.87
1985-05-10,6.16,73.3,0.238,1.91
1985-05-11,6.08,71.6,0.195,1.73
1985-05-12,5.81,66.8,0.18,1.54
1985-05-13,5.7,62.5,0.184,1.5
1985-05-14,5.88,64.7,0.238,1.7
1985-05-15,6.13,67.5,0.298,2.09
1985-05-16,6.75,80.4,0.347,2.82
1985-05-17,7.75,98.6,0.433,3.51
1985-05-18,9.05,121.0,0.567,4.33
1985-05-19,10.9,153.0,0.886,5.17
1985-05-20,12.4,175.0,1.0,5.67
1985-05-21,12.7,188.0,0.915,5.97
1985-05-22,12.8,193.0,0.886,6.17
1985-05-23,13.0,202.0,0.754,6.25
1985-05-24,13.6,210.0,0.585,6.24
1985-05-25,14.4,214.0,0.685,6.63
1985-05-26,14.2,211.0,0.55,5.29
1985-05-27,12.2,185.0,0.541,4.2
1985-05-28,11.3,161.0,0.663,3.75
1985-05-29,10.4,146.0,0.685,3.38
1985-05-30,9.95,146.0,0.567,3.26
1985-05-31,9.6,146.0,0.541,3.29
1985-06-01,9.76,149.0,0.347,3.16
1985-06-02,9.39,145.0,0.322,2.81
1985-06-03,8.72,132.0,0.22,2.48
1985-06-04,8.33,123.0,0.685,2.39
1985-06-05,8.14,119.0,0.685,2.41
1985-06-06,7.99,117.0,0.663,2.49
1985-06-07,9.38,139.0,0.585,4.53
1985-06-08,14.6,195.0,0.685,4.97
1985-06-09,11.5,153.0,0.706,3.41
1985-06-10,9.89,128.0,0.706,2.78
1985-06-11,8.49,108.0,0.706,2.43
1985-06-12,8.03,100.0,0.465,2.37
1985-06-13,7.9,97.7,0.403,2.28
1985-06-14,7.76,95.9,0.388,2.17
1985-06-15,7.67,98.6,0.36,2.21
1985-06-16,7.59,98.8,0.335,2.02
1985-06-17,7.41,91.6,0.309,1.83
1985-06-18,7.24,84.6,0.277,1.73
1985-06-19,7.09,82.8,0.267,1.71
1985-06-20,7.15,88.1,0.238,1.79
1985-06-21,7.12,89.7,0.22,1.62
1985-06-22,6.7,80.8,0.158,1.46
1985-06-23,6.34,75.5,0.093,1.32
1985-06-24,6.03,70.0,0.088,1.18
1985-06-25,5.67,63.6,0.079,1.06
1985-06-26,5.39,57.3,0.07,0.98
1985-06-27,5.15,54.6,0.066,0.931
1985-06-28,5.11,54.2,0.062,0.921
1985-06-29,5.14,54.8,0.055,0.911
1985-06-30,5.22,56.7,0.049,0.885
1985-07-01,5.12,58.2,0.044,0.826
1985-07-02,4.95,57.7,0.044,0.784
1985-07-03,4.82,56.5,0.038,0.742
1985-07-04,4.76,56.0,0.038,0.707
1985-07-05,4.67,55.3,0.038,0.665
1985-07-06,4.52,54.5,0.036,0.61
1985-07-07,4.36,53.2,0.036,0.582
1985-07-08,4.21,50.1,0.036,0.533
1985-07-09,4.09,47.4,0.036,0.507
1985-07-10,3.98,46.3,0.036,0.494
1985-07-11,3.89,45.7,0.036,0.451
1985-07-12,3.74,44.6,0.029,0.43
1985-07-13,3.65,42.6,0.029,0.405
1985-07-14,3.56,41.1,0.029,0.373
1985-07-15,3.41,38.3,0.029,0.353
1985-07-16,3.29,37.3,0.027,0.337
1985-07-17,3.44,38.0,0.026,0.342
1985-07-18,3.42,39.0,0.026,0.319
1985-07-19,3.18,35.8,0.026,0.293
1985-07-20,3.08,33.7,0.027,0.27
1985-07-21,2.96,32.8,0.029,0.258
1985-07-22,2.9,32.0,0.029,0.246
1985-07-23,2.91,31.8,0.029,0.249
1985-07-24,2.92,31.9,0.027,0.248
1985-07-25,2.76,30.6,0.026,0.228
1985-07-26,2.63,29.5,0.026,0.21
1985-07-27,2.52,28.7,0.026,0.199
1985-07-28,2.47,28.0,0.026,0.192
1985-07-29,2.42,27.1,0.026,0.183
1985-07-30,2.36,26.7,0.026,0.178
1985-07-31,2.33,26.3,0.026,0.174
1985-08-01,2.31,26.1,0.026,0.172
1985-08-02,2.3,26.3,0.026,0.18
1985-08-03,2.36,26.7,0.027,0.196
1985-08-04,2.22,25.9,0.028,0.177
1985-08-05,2.18,25.5,0.03,0.176
1985-08-06,2.14,25.3,0.031,0.172
1985-08-07,2.05,24.6,0.032,0.159
1985-08-08,2.04,24.3,0.032,0.176
1985-08-09,2.06,25.1,0.033,0.194
1985-08-10,2.06,24.6,0.045,0.19
1985-08-11,2.06,24.2,0.058,0.171
1985-08-12,2.32,25.5,0.043,0.244
1985-08-13,2.31,25.9,0.028,0.198
1985-08-14,2.28,24.6,0.028,0.162
1985-08-15,3.02,27.6,0.028,0.266
1985-08-16,3.48,31.3,0.028,0.239
1985-08-17,3.38,30.8,0.029,0.174
1985-08-18,3.31,30.5,0.029,0.153
1985-08-19,3.25,30.0,0.03,0.141
1985-08-20,3.16,30.2,0.03,0.132
1985-08-21,3.1,30.1,0.031,0.144
1985-08-22,3.06,30.7,0.03,0.164
1985-08-23,2.96,30.2,0.03,0.143
1985-08-24,2.86,29.4,0.03,0.129
1985-08-25,2.72,28.4,0.031,0.119
1985-08-26,2.56,27.8,0.031,0.115
1985-08-27,2.51,27.2,0.031,0.112
1985-08-28,2.48,27.0,0.031,0.112
1985-08-29,2.41,26.2,0.032,0.105
1985-08-30,2.33,25.5,0.032,0.103
1985-08-31,2.26,25.0,0.033,0.096
1985-09-01,2.19,24.9,0.032,0.099
1985-09-02,2.33,24.7,0.032,0.115
1985-09-03,2.26,23.9,0.032,0.107
1985-09-04,2.33,24.2,0.031,0.116
1985-09-05,2.42,24.5,0.031,0.206
1985-09-06,2.79,26.9,0.04,0.247
1985-09-07,2.73,27.3,0.031,0.172
1985-09-08,2.62,26.6,0.03,0.159
1985-09-09,2.56,25.6,0.03,0.153
1985-09-10,2.62,25.3,0.029,0.148
1985-09-11,2.7,25.2,0.029,0.137
1985-09-12,4.84,32.6,0.058,0.575
1985-09-13,6.11,53.5,0.086,0.402
1985-09-14,5.36,55.9,0.089,0.303
1985-09-15,4.67,52.8,0.092,0.281
1985-09-16,4.27,48.6,0.091,0.322
1985-09-17,4.13,46.2,0.09,0.37
1985-09-18,4.22,44.3,0.088,0.375
1985-09-19,4.08,42.0,0.085,0.345
1985-09-20,3.85,39.7,0.084,0.312
1985-09-21,3.8,37.3,0.083,0.31
1985-09-22,3.91,36.4,0.083,0.315
1985-09-23,3.87,35.6,0.082,0.298
1985-09-24,3.74,34.0,0.081,0.275
1985-09-25,3.65,32.5,0.081,0.266
1985-09-26,3.66,32.1,0.078,0.263
1985-09-27,3.69,31.6,0.075,0.263
1985-09-28,3.62,30.8,0.074,0.245
1985-09-29,3.57,29.9,0.074,0.235
1985-09-30,3.51,29.0,0.072,0.235
1986-03-13,3.99,25.3,0.126,0.362
1986-03-14,3.86,24.5,0.105,0.351
1986-03-15,3.84,23.5,0.1,0.307
1986-03-16,3.61,22.6,0.094,0.271
1986-03-17,3.54,21.7,0.088,0.262
1986-03-18,3.42,21.2,0.082,0.289
1986-03-19,3.38,21.0,0.084,0.264
1986-03-20,3.37,20.2,0.086,0.275
1986-03-21,3.52,21.6,0.088,0.326
1986-03-22,3.6,21.9,0.088,0.325
1986-03-23,3.48,21.0,0.084,0.316
1986-03-24,3.43,21.7,0.086,0.289
1986-03-25,3.4,21.3,0.088,0.289
1986-03-26,3.34,20.5,0.088,0.268
1986-03-27,3.94,20.9,0.105,0.318
1986-03-28,5.47,24.3,0.166,0.549
1986-03-29,6.73,29.2,0.179,0.78
1986-03-30,6.64,32.8,0.176,0.844
1986-03-31,6.11,33.2,0.173,0.724
1986-04-01,5.41,30.6,0.169,0.643
1986-04-02,5.14,29.3,0.166,0.571
1986-04-03,4.89,27.9,0.164,0.562
1986-04-04,4.86,27.1,0.158,0.54
1986-04-05,4.9,26.7,0.163,0.546
1986-04-06,4.98,26.9,0.167,0.549
1986-04-07,5.23,27.9,0.171,0.623
1986-04-08,5.69,29.7,0.195,0.796
1986-04-09,6.57,34.6,0.253,1.06
1986-04-10,7.2,41.0,0.265,1.19
1986-04-11,6.93,41.5,0.219,1.03
1986-04-12,6.23,38.4,0.182,0.885
1986-04-13,6.01,35.5,0.169,0.818
1986-04-14,6.06,35.0,0.135,0.61
1986-04-15,5.96,33.5,0.125,0.623
1986-04-16,5.85,32.8,0.12,0.675
1986-04-17,5.64,31.6,0.116,0.626
1986-04-18,5.53,30.6,0.111,0.575
1986-04-19,5.53,30.2,0.109,0.539
1986-04-20,5.89,30.8,0.13,0.583
1986-04-21,6.82,32.4,0.191,0.964
1986-04-22,12.3,56.1,0.789,3.02
1986-04-23,14.6,93.9,0.828,2.65
1986-04-24,12.0,79.6,0.325,2.22
1986-04-25,10.7,66.9,0.273,1.49
1986-04-26,9.73,59.1,0.226,1.37
1986-04-27,9.13,55.4,0.198,1.18
1986-04-28,8.79,53.0,0.188,1.09
1986-04-29,8.26,49.5,0.169,0.994
1986-04-30,7.82,46.5,0.157,0.91
1986-05-01,7.35,44.0,0.152,0.845
1986-05-02,7.26,43.0,0.161,0.831
1986-05-03,8.66,49.3,0.287,1.36
1986-05-04,11.9,64.3,0.508,2.13
1986-05-05,12.9,71.7,0.532,2.06
1986-05-06,12.1,70.0,0.333,1.78
1986-05-07,11.2,65.9,0.287,1.56
1986-05-08,10.8,65.3,0.278,1.55
1986-05-09,10.7,68.8,0.283,1.8
1986-05-10,10.5,71.2,0.278,1.81
1986-05-11,10.2,70.7,0.258,1.81
1986-05-12,9.59,68.0,0.235,1.55
1986-05-13,9.79,70.9,0.303,1.84
1986-05-14,9.18,68.8,0.29,1.54
1986-05-15,8.63,63.9,0.253,1.28
1986-05-16,8.39,60.2,0.224,1.51
1986-05-17,8.2,58.5,0.224,1.53
1986-05-18,8.27,58.9,0.267,1.57
1986-05-19,9.48,67.8,0.511,2.24
1986-05-20,13.2,104.0,1.08,4.03
1986-05-21,21.1,164.0,1.29,6.98
1986-05-22,18.7,200.0,1.14,4.68
1986-05-23,14.3,171.0,0.776,3.33
1986-05-24,12.0,151.0,0.624,3.26
1986-05-25,11.6,163.0,0.796,4.12
1986-05-26,15.4,225.0,1.24,5.81
1986-05-27,24.8,320.0,1.43,7.34
1986-05-28,32.9,387.0,1.29,8.87
1986-05-29,34.1,428.0,0.899,8.04
1986-05-30,32.3,428.0,0.741,7.46
1986-05-31,30.2,415.0,0.663,7.02
1986-06-01,28.3,391.0,0.564,6.68
1986-06-02,26.3,368.0,0.503,6.14
1986-06-03,23.6,332.0,0.34,5.21
1986-06-04,20.6,288.0,0.29,4.38
1986-06-05,18.4,244.0,0.266,4.11
1986-06-06,17.7,234.0,0.29,3.98
1986-06-07,16.2,218.0,0.236,3.38
1986-06-08,15.0,202.0,0.204,3.03
1986-06-09,14.3,186.0,0.183,2.68
1986-06-10,14.6,174.0,0.161,2.43
1986-06-11,14.6,168.0,0.141,2.42
1986-06-12,14.0,167.0,0.136,2.17
1986-06-13,13.0,151.0,0.125,1.82
1986-06-14,12.4,138.0,0.121,1.82
1986-06-15,12.7,138.0,0.11,1.84
1986-06-16,11.8,132.0,0.094,1.52
1986-06-17,10.9,121.0,0.09,1.38
1986-06-18,10.9,118.0,0.091,1.41
1986-06-19,10.5,119.0,0.084,1.27
1986-06-20,9.64,110.0,0.088,1.11
1986-06-21,8.8,98.4,0.086,0.993
1986-06-22,8.22,86.4,0.079,0.939
1986-06-23,7.98,80.6,0.073,0.914
1986-06-24,8.11,81.6,0.073,0.919
1986-06-25,8.13,86.1,0.069,0.911
1986-06-26,8.0,87.4,0.062,0.857
1986-06-27,7.74,82.6,0.058,0.812
1986-06-28,7.48,78.9,0.058,0.786
1986-06-29,8.1,81.2,0.078,0.841
1986-06-30,7.64,85.9,0.068,0.764
1986-07-01,7.15,83.4,0.06,0.685
1986-07-02,6.94,79.7,0.076,0.662
1986-07-03,7.12,80.4,0.097,0.663
1986-07-04,6.96,80.3,0.081,0.632
1986-07-05,6.61,76.4,0.078,0.624
1986-07-06,6.13,70.6,0.074,0.539
1986-07-07,5.82,66.6,0.065,0.49
1986-07-08,6.02,64.2,0.063,0.462
1986-07-09,6.06,62.9,0.064,0.433
1986-07-10,5.64,61.5,0.059,0.43
1986-07-11,5.51,60.1,0.056,0.414
1986-07-12,5.38,59.9,0.056,0.428
1986-07-13,5.13,58.4,0.055,0.422
1986-07-14,4.93,55.9,0.051,0.377
1986-07-15,4.8,52.9,0.048,0.355
1986-07-16,4.81,52.4,0.051,0.379
1986-07-17,4.89,54.2,0.064,0.51
1986-07-18,4.62,54.1,0.054,0.44
1986-07-19,4.39,52.8,0.048,0.368
1986-07-20,4.33,52.7,0.042,0.336
1986-07-21,4.22,52.8,0.041,0.316
1986-07-22,4.22,51.6,0.042,0.311
1986-07-23,4.26,51.0,0.047,0.327
1986-07-24,4.22,50.3,0.044,0.326
1986-07-25,4.32,49.6,0.047,0.384
1986-07-26,4.18,50.0,0.045,0.359
1986-07-27,4.21,51.0,0.046,0.358
1986-07-28,4.03,49.5,0.038,0.302
1986-07-29,3.89,47.4,0.036,0.274
1986-07-30,3.76,45.6,0.035,0.268
1986-07-31,3.65,44.1,0.033,0.247
1986-08-01,3.58,41.7,0.032,0.237
1986-08-02,3.49,41.0,0.031,0.228
1986-08-03,3.45,39.7,0.03,0.221
1986-08-04,3.34,39.5,0.03,0.208
1986-08-05,3.38,39.7,0.031,0.215
1986-08-06,3.24,39.9,0.03,0.207
1986-08-07,3.13,38.2,0.029,0.193
1986-08-08,3.14,37.3,0.028,0.18
1986-08-09,3.12,36.6,0.026,0.172
1986-08-10,3.05,36.0,0.027,0.176
1986-08-11,2.97,36.3,0.029,0.175
1986-08-12,2.88,35.9,0.027,0.165
1986-08-13,2.94,36.7,0.025,0.159
1986-08-14,2.85,35.5,0.025,0.15
1986-08-15,2.7,33.4,0.023,0.146
1986-08-16,2.66,32.6,0.018,0.142
1986-08-17,2.62,32.1,0.021,0.141
1986-08-18,2.51,31.1,0.022,0.132
1986-08-19,2.36,30.0,0.021,0.127
1986-08-20,2.34,29.5,0.023,0.128
1986-08-21,2.3,28.5,0.023,0.128
1986-08-22,2.28,27.8,0.022,0.12
1986-08-23,2.26,27.1,0.021,0.113
1986-08-24,2.23,26.6,0.023,0.124
1986-08-25,2.23,26.2,0.026,0.128
1986-08-26,2.15,25.0,0.025,0.122
1986-08-27,2.11,24.3,0.023,0.111
1986-08-28,2.07,23.6,0.02,0.104
1986-08-29,2.06,23.2,0.018,0.103
1986-08-30,2.35,26.7,0.036,0.151
1986-08-31,2.45,30.3,0.036,0.142
1986-09-01,2.39,32.3,0.03,0.133
1986-09-02,2.35,31.9,0.03,0.129
1986-09-03,2.26,30.5,0.026,0.116
1986-09-04,2.21,29.4,0.025,0.114
1986-09-05,2.35,29.5,0.027,0.115
1986-09-06,2.29,28.4,0.024,0.107
1986-09-07,2.24,27.5,0.024,0.102
1986-09-08,2.3,27.0,0.025,0.119
1986-09-09,2.49,26.8,0.032,0.143
1986-09-10,2.54,26.5,0.032,0.137
1986-09-11,2.82,27.5,0.049,0.181
1986-09-12,2.62,26.6,0.031,0.135
1986-09-13,2.61,26.2,0.031,0.126
1986-09-14,2.58,25.3,0.031,0.12
1986-09-15,2.56,24.2,0.029,0.115
1986-09-16,2.57,23.9,0.03,0.12
1986-09-17,2.57,23.4,0.031,0.121
1986-09-18,2.69,22.4,0.026,0.12
1986-09-19,2.69,21.8,0.027,0.114
1986-09-20,2.65,21.8,0.026,0.12
1986-09-21,2.63,21.1,0.024,0.116
1986-09-22,2.56,20.7,0.023,0.112
1986-09-23,2.53,20.9,0.028,0.108
1986-09-24,2.58,21.6,0.038,0.124
1986-09-25,2.79,22.7,0.039,0.186
1986-09-26,3.18,27.5,0.051,0.244
1986-09-27,2.94,28.2,0.063,0.206
1986-09-28,2.82,25.6,0.049,0.18
1986-09-29,2.77,24.6,0.043,0.17
1986-09-30,2.89,24.6,0.052,0.212
1986-10-01,3.3,26.0,0.066,0.242
1986-10-02,3.24,27.2,0.054,0.201
1986-10-03,3.13,25.6,0.049,0.178
1986-10-04,3.06,24.8,0.053,0.199
1986-10-05,3.13,25.2,0.057,0.212
1986-10-06,3.38,27.1,0.056,0.216
1986-10-07,3.68,29.9,0.06,0.229
1986-10-08,3.95,31.9,0.061,0.292
1986-10-09,4.1,32.3,0.056,0.258
1986-10-10,4.2,32.5,0.055,0.257
1986-10-11,4.11,30.9,0.047,0.234
1986-10-12,3.95,30.1,0.047,0.229
1986-10-13,3.77,30.0,0.047,0.218
1986-10-14,3.64,28.3,0.043,0.212
1987-03-26,1.9,18.5,0.064,0.145
1987-03-27,1.88,18.1,0.061,0.13
1987-03-28,1.91,16.2,0.052,0.12
1987-03-29,1.93,15.6,0.052,0.123
1987-03-30,1.95,16.8,0.054,0.129
1987-03-31,1.87,17.1,0.059,0.129
1987-04-01,1.88,17.4,0.083,0.127
1987-04-02,1.92,17.7,0.115,0.124
1987-04-03,2.09,19.4,0.138,0.124
1987-04-04,2.39,21.9,0.17,0.127
1987-04-05,3.05,26.3,0.22,0.151
1987-04-06,4.12,32.3,0.275,0.457
1987-04-07,4.18,34.6,0.241,0.501
1987-04-08,4.22,36.6,0.227,0.476
1987-04-09,3.97,35.1,0.194,0.418
1987-04-10,3.84,33.6,0.173,0.394
1987-04-11,3.98,35.5,0.205,0.436
1987-04-12,3.65,33.2,0.178,0.394
1987-04-13,3.45,32.0,0.148,0.371
1987-04-14,3.51,32.0,0.152,0.379
1987-04-15,4.56,34.7,0.222,0.554
1987-04-16,5.95,42.1,0.294,0.881
1987-04-17,6.79,46.6,0.287,1.1
1987-04-18,6.21,47.0,0.246,0.897
1987-04-19,5.54,43.8,0.212,0.764
1987-04-20,5.08,40.6,0.186,0.722
1987-04-21,5.19,40.0,0.189,0.82
1987-04-22,5.68,42.4,0.214,0.993
1987-04-23,5.32,42.5,0.208,0.967
1987-04-24,5.33,43.3,0.228,1.23
1987-04-25,5.6,48.0,0.261,1.59
1987-04-26,5.87,52.4,0.271,1.71
1987-04-27,6.6,60.0,0.38,2.18
1987-04-28,8.75,79.5,0.816,3.01
1987-04-29,11.5,115.0,1.27,4.52
1987-04-30,14.7,159.0,1.3,4.87
1987-05-01,16.3,189.0,1.32,5.81
1987-05-02,14.4,193.0,0.992,4.23
1987-05-03,12.3,164.0,0.599,3.03
1987-05-04,10.9,142.0,0.344,2.87
1987-05-05,10.6,142.0,0.516,3.35
1987-05-06,12.1,156.0,0.768,3.94
1987-05-07,13.0,173.0,0.887,4.46
1987-05-08,14.1,194.0,1.01,4.99
1987-05-09,15.0,219.0,1.09,5.51
1987-05-10,15.0,226.0,0.944,5.25
1987-05-11,14.2,212.0,0.78,4.84
1987-05-12,14.8,218.0,1.03,5.8
1987-05-13,15.2,234.0,1.01,4.99
1987-05-14,13.6,206.0,0.684,4.12
1987-05-15,13.0,189.0,0.598,4.28
1987-05-16,12.5,174.0,0.45,3.75
1987-05-17,11.5,158.0,0.313,3.12
1987-05-18,10.5,144.0,0.281,2.98
1987-05-19,9.76,135.0,0.25,2.68
1987-05-20,9.03,122.0,0.217,2.18
1987-05-21,8.61,108.0,0.196,1.85
1987-05-22,8.25,95.9,0.175,1.63
1987-05-23,7.59,86.8,0.159,1.54
1987-05-24,6.93,81.2,0.151,1.55
1987-05-25,6.81,80.1,0.16,1.58
1987-05-26,6.8,80.5,0.173,1.58
1987-05-27,6.76,82.2,0.182,1.66
1987-05-28,6.81,85.4,0.182,1.69
1987-05-29,6.78,86.1,0.171,1.63
1987-05-30,6.79,90.4,0.182,1.8
1987-05-31,7.09,93.0,0.195,2.0
1987-06-01,6.75,88.7,0.173,1.74
1987-06-02,6.18,79.8,0.148,1.49
1987-06-03,5.85,73.9,0.137,1.37
1987-06-04,5.85,72.8,0.132,1.39
1987-06-05,6.28,78.6,0.134,1.59
1987-06-06,6.81,90.6,0.13,1.69
1987-06-07,6.94,97.4,0.121,1.66
1987-06-08,7.34,101.0,0.12,1.65
1987-06-09,7.67,100.0,0.114,1.5
1987-06-10,7.3,94.8,0.1,1.38
1987-06-11,7.01,91.0,0.092,1.29
1987-06-12,6.67,86.8,0.085,1.22
1987-06-13,6.56,87.8,0.076,1.24
1987-06-14,6.65,90.5,0.07,1.2
1987-06-15,6.65,89.1,0.07,1.21
1987-06-16,7.01,91.2,0.072,1.27
1987-06-17,6.4,88.6,0.063,1.03
1987-06-18,5.87,80.0,0.058,0.945
1987-06-19,6.26,76.0,0.059,1.07
1987-06-20,6.57,73.5,0.062,1.03
1987-06-21,6.35,72.8,0.056,0.93
1987-06-22,5.95,69.8,0.052,0.826
1987-06-23,5.41,65.3,0.047,0.725
1987-06-24,4.81,59.3,0.044,0.639
1987-06-25,4.56,54.6,0.04,0.596
1987-06-26,4.53,51.2,0.041,0.569
1987-06-27,4.57,50.0,0.04,0.556
1987-06-28,4.61,50.4,0.04,0.544
1987-06-29,4.51,49.6,0.04,0.503
1987-06-30,4.43,48.8,0.039,0.489
1987-07-01,4.3,48.3,0.038,0.463
1987-07-02,4.24,47.4,0.036,0.431
1987-07-03,4.16,46.7,0.036,0.403
1987-07-04,3.99,47.0,0.035,0.389
1987-07-05,4.46,51.2,0.069,0.587
1987-07-06,4.32,50.5,0.046,0.45
1987-07-07,3.98,47.3,0.041,0.389
1987-07-08,3.81,46.0,0.037,0.354
1987-07-09,3.84,45.6,0.039,0.355
1987-07-10,4.07,47.2,0.041,0.365
1987-07-11,3.95,46.3,0.034,0.33
1987-07-12,3.81,44.3,0.033,0.297
1987-07-13,3.71,42.1,0.032,0.268
1987-07-14,3.64,40.5,0.03,0.249
1987-07-15,3.54,39.9,0.027,0.242
1987-07-16,3.57,41.5,0.034,0.26
1987-07-17,3.6,41.5,0.033,0.298
1987-07-18,4.87,42.1,0.048,0.535
1987-07-19,7.51,51.1,0.067,0.698
1987-07-20,6.5,51.9,0.045,0.479
1987-07-21,6.29,52.1,0.038,0.385
1987-07-22,7.25,54.7,0.043,0.41
1987-07-23,7.83,58.0,0.043,0.394
1987-07-24,7.17,56.3,0.039,0.347
1987-07-25,6.55,52.5,0.035,0.316
1987-07-26,6.07,50.3,0.033,0.293
1987-07-27,5.49,47.0,0.031,0.275
1987-07-28,5.07,44.3,0.028,0.257
1987-07-29,4.76,42.8,0.028,0.24
1987-07-30,4.51,42.3,0.029,0.279
1987-07-31,4.43,41.1,0.028,0.29
1987-08-01,4.09,39.6,0.027,0.244
1987-08-02,3.78,39.3,0.027,0.226
1987-08-03,3.67,37.7,0.024,0.218
1987-08-04,3.59,34.7,0.026,0.2
1987-08-05,3.6,34.1,0.027,0.193
1987-08-06,3.54,33.8,0.029,0.197
1987-08-07,3.41,32.8,0.025,0.181
1987-08-08,3.24,30.8,0.025,0.175
1987-08-09,3.16,30.3,0.024,0.16
1987-08-10,3.43,31.0,0.03,0.204
1987-08-11,4.08,35.9,0.033,0.389
1987-08-12,4.0,37.8,0.028,0.354
1987-08-13,3.9,37.0,0.029,0.323
1987-08-14,3.9,35.9,0.031,0.305
1987-08-15,3.8,36.2,0.03,0.303
1987-08-16,3.8,36.9,0.033,0.301
1987-08-17,3.7,37.1,0.03,0.277
1987-08-18,3.81,36.9,0.024,0.258
1987-08-19,3.76,34.4,0.024,0.226
1987-08-20,3.65,32.7,0.022,0.209
1987-08-21,3.5,31.1,0.022,0.194
1987-08-22,3.25,29.5,0.021,0.177
1987-08-23,3.11,28.4,0.02,0.166
1987-08-24,3.05,27.7,0.026,0.205
1987-08-25,3.18,28.4,0.021,0.179
1987-08-26,3.61,27.7,0.023,0.162
1987-08-27,3.44,27.1,0.022,0.145
1987-08-28,3.26,25.5,0.017,0.127
1987-08-29,3.03,24.2,0.018,0.12
1987-08-30,2.96,23.6,0.019,0.133
1987-08-31,2.85,23.9,0.02,0.129
1987-09-01,2.74,23.6,0.019,0.124
1987-09-02,2.67,23.1,0.019,0.131
1987-09-03,2.68,23.9,0.021,0.134
1987-09-04,2.62,24.0,0.021,0.13
1987-09-05,2.56,23.6,0.019,0.125
1987-09-06,2.48,22.7,0.018,0.121
1987-09-07,2.45,22.1,0.018,0.124
1987-09-08,2.39,22.1,0.015,0.126
1987-09-09,2.35,21.5,0.015,0.117
1987-09-10,2.29,20.9,0.015,0.118
1987-09-11,2.24,20.6,0.014,0.114
1987-09-12,2.18,20.8,0.015,0.102
1987-09-13,2.16,19.6,0.015,0.097
1987-09-14,2.11,19.6,0.018,0.103
1987-09-15,2.1,19.7,0.019,0.103
1987-09-16,2.1,20.1,0.018,0.092
1987-09-17,2.08,20.4,0.019,0.095
1987-09-18,2.05,19.6,0.02,0.102
1987-09-19,2.0,19.3,0.019,0.097
1987-09-20,1.99,18.7,0.019,0.097
1987-09-21,1.96,18.1,0.019,0.103
1987-09-22,1.93,17.8,0.019,0.102
1987-09-23,1.86,17.3,0.019,0.103
1987-09-24,1.87,17.0,0.019,0.106
1987-09-25,1.91,16.9,0.019,0.099
1987-09-26,2.09,17.5,0.026,0.116
1987-09-27,2.2,18.3,0.026,0.131
1987-09-28,2.01,17.9,0.026,0.111
1987-09-29,1.97,17.8,0.025,0.103
1987-09-30,1.93,17.0,0.025,0.098
1987-10-01,1.85,16.9,0.025,0.102
1987-10-06,1.78,16.0,0.022,0.084
1988-03-28,1.05,14.1,0.064,0.074
1988-03-29,1.01,12.8,0.052,0.074
1988-03-30,0.967,12.2,0.044,0.076
1988-03-31,0.946,12.0,0.039,0.08
1988-04-01,0.996,12.3,0.046,0.092
1988-04-02,1.14,16.3,0.15,0.12
1988-04-03,1.38,23.4,0.204,0.149
1988-04-04,1.23,20.1,0.124,0.14
1988-04-05,1.17,17.3,0.085,0.151
1988-04-06,1.47,22.5,0.243,0.198
1988-04-07,2.09,31.0,0.363,0.385
1988-04-08,1.79,24.1,0.178,0.45
1988-04-09,1.56,20.1,0.123,0.308
1988-04-10,1.49,18.7,0.11,0.223
1988-04-11,1.52,18.7,0.15,0.235
1988-04-12,1.84,20.2,0.22,0.325
1988-04-13,2.01,23.1,0.261,0.453
1988-04-14,2.3,25.9,0.321,0.606
1988-04-15,2.73,30.9,0.464,0.891
1988-04-16,3.37,39.5,0.691,1.2
1988-04-17,3.79,46.7,0.787,1.43
1988-04-18,4.23,54.1,0.811,1.48
1988-04-19,4.55,55.3,0.469,1.37
1988-04-20,4.37,52.9,0.308,1.3
1988-04-21,4.11,52.5,0.266,1.19
1988-04-22,3.79,49.4,0.227,0.978
1988-04-23,3.65,46.5,0.207,0.935
1988-04-24,3.69,45.6,0.203,0.958
1988-04-25,3.51,44.7,0.174,0.801
1988-04-26,3.3,41.2,0.149,0.724
1988-04-27,3.18,38.4,0.15,0.729
1988-04-28,3.27,38.5,0.181,0.885
1988-04-29,3.71,43.6,0.242,1.28
1988-04-30,3.92,48.3,0.227,1.23
1988-05-01,3.76,46.7,0.189,1.03
1988-05-02,3.53,44.0,0.155,0.9
1988-05-03,3.41,41.4,0.14,0.821
1988-05-04,3.57,41.2,0.142,0.833
1988-05-05,4.04,41.2,0.164,0.96
1988-05-06,4.47,44.0,0.219,1.17
1988-05-07,4.61,45.3,0.226,1.18
1988-05-08,4.83,46.9,0.251,1.5
1988-05-09,5.47,55.3,0.309,2.03
1988-05-10,6.71,70.9,0.489,2.83
1988-05-11,8.29,93.2,0.785,3.46
1988-05-12,10.1,119.0,1.11,4.32
1988-05-13,11.6,149.0,1.21,4.27
1988-05-14,10.4,146.0,0.773,3.29
1988-05-15,8.94,124.0,0.366,2.72
1988-05-16,8.45,115.0,0.435,2.99
1988-05-17,9.06,132.0,0.676,3.57
1988-05-18,8.74,130.0,0.373,2.84
1988-05-19,8.03,113.0,0.295,2.44
1988-05-20,7.6,102.0,0.272,2.44
1988-05-21,7.26,97.8,0.278,2.66
1988-05-22,7.5,105.0,0.38,3.2
1988-05-23,8.45,129.0,0.709,4.06
1988-05-24,9.37,151.0,0.637,3.65
1988-05-25,8.92,137.0,0.346,3.07
1988-05-26,8.37,130.0,0.338,3.22
1988-05-27,8.48,134.0,0.335,3.23
1988-05-28,8.43,128.0,0.336,3.29
1988-05-29,9.4,133.0,0.347,3.72
1988-05-30,9.73,129.0,0.33,3.46
1988-05-31,10.9,144.0,0.517,4.01
1988-06-01,10.0,139.0,0.346,3.24
1988-06-02,9.17,126.0,0.313,2.88
1988-06-03,8.44,117.0,0.287,2.72
1988-06-04,8.64,124.0,0.292,3.05
1988-06-05,9.73,143.0,0.317,3.79
1988-06-06,10.5,161.0,0.333,4.08
1988-06-07,12.2,172.0,0.319,4.34
1988-06-08,15.3,199.0,0.296,3.99
1988-06-09,13.9,189.0,0.258,3.17
1988-06-10,12.5,165.0,0.226,2.83
1988-06-11,11.5,150.0,0.194,2.55
1988-06-12,10.3,135.0,0.177,2.22
1988-06-13,9.46,121.0,0.159,1.91
1988-06-14,8.78,111.0,0.146,1.82
1988-06-15,8.38,105.0,0.137,1.79
1988-06-16,8.38,105.0,0.147,1.85
1988-06-17,8.63,112.0,0.134,1.88
1988-06-18,8.54,116.0,0.127,1.85
1988-06-19,8.19,113.0,0.11,1.68
1988-06-20,7.88,104.0,0.095,1.56
1988-06-21,7.62,96.5,0.084,1.43
1988-06-22,7.26,90.8,0.082,1.34
1988-06-23,6.96,87.0,0.077,1.24
1988-06-24,6.64,83.8,0.068,1.14
1988-06-25,6.21,78.1,0.066,1.05
1988-06-26,5.97,73.6,0.062,0.984
1988-06-27,5.76,69.9,0.062,0.899
1988-06-28,5.9,68.1,0.066,0.886
1988-06-29,5.81,67.9,0.061,0.821
1988-06-30,5.24,62.7,0.055,0.743
1988-07-01,4.73,57.7,0.05,0.649
1988-07-02,4.51,54.2,0.052,0.614
1988-07-03,4.6,53.2,0.049,0.596
1988-07-04,4.45,51.5,0.044,0.564
1988-07-05,4.69,52.1,0.06,0.663
1988-07-06,4.78,53.2,0.052,0.625
1988-07-07,4.35,51.2,0.044,0.533
1988-07-08,4.02,47.6,0.04,0.469
1988-07-09,3.89,44.6,0.037,0.431
1988-07-10,3.81,43.4,0.036,0.412
1988-07-11,3.8,42.8,0.036,0.413
1988-07-12,3.65,42.9,0.035,0.388
1988-07-13,3.46,42.4,0.039,0.424
1988-07-14,3.37,41.6,0.044,0.411
1988-07-15,3.33,39.4,0.04,0.375
1988-07-16,3.31,37.9,0.036,0.339
1988-07-17,3.18,35.9,0.033,0.31
1988-07-18,3.08,34.2,0.032,0.296
1988-07-19,2.98,33.1,0.03,0.279
1988-07-20,2.88,31.8,0.029,0.269
1988-07-21,2.77,30.5,0.028,0.258
1988-07-22,2.68,30.2,0.026,0.247
1988-07-23,2.59,29.7,0.026,0.244
1988-07-24,2.53,30.1,0.025,0.235
1988-07-25,2.44,29.3,0.023,0.225
1988-07-26,2.35,28.4,0.023,0.214
1988-07-27,2.28,28.6,0.023,0.197
1988-07-28,2.23,28.0,0.022,0.186
1988-07-29,2.15,27.3,0.022,0.177
1988-07-30,2.07,26.8,0.021,0.174
1988-07-31,2.01,26.4,0.022,0.168
1988-08-01,2.21,28.2,0.032,0.221
1988-08-02,2.49,30.9,0.03,0.254
1988-08-03,2.34,30.1,0.027,0.213
1988-08-04,2.25,28.7,0.024,0.183
1988-08-05,2.13,27.8,0.022,0.166
1988-08-06,2.1,27.5,0.025,0.156
1988-08-07,2.11,28.6,0.026,0.168
1988-08-08,2.16,28.0,0.024,0.151
1988-08-09,1.96,26.0,0.022,0.13
1988-08-10,1.91,25.0,0.021,0.121
1988-08-11,1.87,24.1,0.021,0.122
1988-08-12,1.86,23.6,0.021,0.129
1988-08-13,1.86,22.9,0.02,0.12
1988-08-14,1.82,22.7,0.02,0.107
1988-08-15,1.75,22.5,0.021,0.107
1988-08-16,1.76,22.4,0.021,0.116
1988-08-17,1.72,22.0,0.02,0.118
1988-08-18,1.71,21.7,0.021,0.107
1988-08-19,1.66,21.1,0.02,0.106
1988-08-20,1.66,22.1,0.023,0.121
1988-08-21,1.73,21.5,0.023,0.122
1988-08-22,1.62,20.6,0.02,0.109
1988-08-23,1.58,19.6,0.019,0.106
1988-08-24,1.55,19.1,0.018,0.104
1988-08-25,1.61,18.9,0.018,0.101
1988-08-26,1.84,18.7,0.021,0.144
1988-08-27,1.88,19.1,0.018,0.122
1988-08-28,1.83,19.5,0.017,0.099
1988-08-29,1.78,19.3,0.017,0.099
1988-08-30,1.74,18.3,0.017,0.099
1988-08-31,1.7,18.3,0.017,0.099
1988-09-01,1.68,18.8,0.015,0.099
1988-09-02,1.67,17.8,0.014,0.097
1988-09-03,1.66,17.6,0.013,0.095
1988-09-04,1.66,17.2,0.014,0.093
1988-09-05,1.69,16.8,0.014,0.091
1988-09-06,1.68,16.9,0.013,0.09
1988-09-07,1.65,17.4,0.013,0.089
1988-09-08,1.63,17.4,0.015,0.09
1988-09-09,1.62,17.2,0.015,0.092
1988-09-10,1.65,16.8,0.015,0.093
1988-09-11,1.63,16.8,0.016,0.09
1988-09-12,1.58,16.5,0.015,0.089
1988-09-13,1.54,16.0,0.015,0.087
1988-09-14,1.5,15.5,0.015,0.086
1988-09-15,1.45,15.2,0.014,0.087
1988-09-16,1.41,14.8,0.014,0.084
1988-09-17,1.6,16.0,0.021,0.085
1988-09-18,1.6,15.4,0.018,0.087
1988-09-19,1.62,15.6,0.024,0.094
1988-09-20,1.65,15.5,0.023,0.099
1988-09-21,1.57,15.0,0.021,0.095
1988-09-22,1.48,15.0,0.021,0.094
1988-09-23,1.48,14.9,0.025,0.108
1988-09-24,1.64,15.4,0.031,0.179
1988-09-25,1.84,18.2,0.088,0.324
1988-09-26,2.02,20.1,0.053,0.314
1988-09-27,1.77,19.0,0.043,0.236
1988-09-28,1.78,18.4,0.036,0.23
1988-09-29,1.7,17.5,0.03,0.186
1988-09-30,1.76,17.0,0.028,0.158
1988-10-01,2.01,16.9,0.027,0.143
1988-10-02,2.11,17.1,0.026,0.131
1988-10-03,2.07,16.9,0.025,0.124
1988-10-04,2.01,17.4,0.025,0.12
1988-10-05,1.97,16.9,0.025,0.118
1988-10-06,1.89,17.0,0.023,0.105
1988-10-07,1.8,17.4,0.023,0.101
1988-10-08,1.72,17.3,0.023,0.098
1988-10-09,1.66,17.2,0.022,0.096
1988-10-10,1.64,17.1,0.022,0.092
1988-10-11,1.61,16.5,0.022,0.092
1989-04-01,1.14,15.3,0.046,0.137
1989-04-02,1.1,14.9,0.046,0.15
1989-04-03,1.09,14.1,0.043,0.158
1989-04-04,1.1,14.0,0.042,0.154
1989-04-05,1.12,14.4,0.041,0.147
1989-04-06,1.19,16.0,0.055,0.172
1989-04-07,1.53,20.2,0.148,0.222
1989-04-08,1.43,20.4,0.141,0.26
1989-04-09,1.34,18.7,0.117,0.248
1989-04-10,1.33,19.0,0.117,0.245
1989-04-11,1.36,20.2,0.139,0.241
1989-04-12,1.43,21.0,0.163,0.241
1989-04-13,1.54,22.3,0.192,0.286
1989-04-14,1.72,25.7,0.243,0.41
1989-04-15,2.31,32.8,0.494,0.698
1989-04-16,2.7,38.9,0.381,0.693
1989-04-17,2.42,35.1,0.211,0.604
1989-04-18,2.48,33.2,0.22,0.64
1989-04-19,2.99,37.4,0.276,0.752
1989-04-20,4.19,45.1,0.502,1.3
1989-04-21,6.08,61.9,0.989,1.77
1989-04-22,6.89,71.7,0.862,1.67
1989-04-23,6.33,67.0,0.447,1.35
1989-04-24,5.35,60.0,0.292,1.15
1989-04-25,4.83,54.8,0.233,1.0
1989-04-26,4.49,50.3,0.198,0.922
1989-04-27,4.13,46.8,0.186,0.841
1989-04-28,3.74,44.3,0.177,0.804
1989-04-29,3.66,43.4,0.209,0.926
1989-04-30,4.09,47.3,0.279,1.27
1989-05-01,5.21,56.8,0.396,1.72
1989-05-02,8.35,73.9,0.572,2.44
1989-05-03,8.89,78.8,0.348,2.27
1989-05-04,9.05,78.8,0.347,2.39
1989-05-05,10.2,81.9,0.538,2.95
1989-05-06,14.1,104.0,1.13,4.16
1989-05-07,19.1,142.0,1.39,5.42
1989-05-08,19.5,161.0,1.27,5.13
1989-05-09,19.3,168.0,1.26,5.02
1989-05-10,20.8,179.0,1.23,4.93
1989-05-11,20.1,171.0,1.03,4.44
1989-05-12,17.0,149.0,0.763,3.74
1989-05-13,14.7,132.0,0.408,3.24
1989-05-14,13.0,118.0,0.302,2.86
1989-05-15,12.1,108.0,0.303,2.92
1989-05-16,11.7,110.0,0.349,3.16
1989-05-17,12.0,115.0,0.608,3.18
1989-05-18,11.7,114.0,0.451,2.91
1989-05-19,10.7,104.0,0.298,2.5
1989-05-20,9.64,93.7,0.245,2.18
1989-05-21,9.08,86.5,0.23,2.22
1989-05-22,8.76,84.3,0.234,2.42
1989-05-23,9.61,92.3,0.32,2.8
1989-05-24,9.66,91.4,0.309,2.44
1989-05-25,8.97,85.1,0.264,2.2
1989-05-26,8.83,81.0,0.242,2.11
1989-05-27,8.61,77.9,0.232,2.01
1989-05-28,8.58,75.8,0.219,1.86
1989-05-29,8.37,72.8,0.209,1.71
1989-05-30,8.92,70.2,0.221,1.69
1989-05-31,10.6,72.5,0.255,2.16
1989-06-01,13.9,90.0,0.534,3.05
1989-06-02,16.0,120.0,0.947,3.79
1989-06-03,16.5,144.0,0.947,3.96
1989-06-04,16.1,155.0,0.875,3.94
1989-06-05,16.4,168.0,0.974,4.49
1989-06-06,18.3,197.0,1.11,5.28
1989-06-07,19.0,214.0,1.08,5.09
1989-06-08,18.2,212.0,0.969,4.83
1989-06-09,18.3,204.0,0.904,4.87
1989-06-10,19.4,197.0,0.683,4.64
1989-06-11,18.5,182.0,0.342,3.96
1989-06-12,16.8,167.0,0.316,3.75
1989-06-13,15.8,165.0,0.318,3.78
1989-06-14,15.5,170.0,0.314,3.68
1989-06-15,15.0,169.0,0.301,3.54
1989-06-16,14.3,168.0,0.281,3.53
1989-06-17,12.9,156.0,0.243,3.07
1989-06-18,11.5,137.0,0.215,2.63
1989-06-19,11.0,124.0,0.212,2.75
1989-06-20,10.2,113.0,0.183,2.45
1989-06-21,9.27,100.0,0.159,2.16
1989-06-22,8.75,91.8,0.147,2.07
1989-06-23,8.64,87.0,0.138,1.98
1989-06-24,8.4,83.6,0.135,1.9
1989-06-25,9.3,91.2,0.159,2.3
1989-06-26,9.17,88.8,0.134,2.04
1989-06-27,8.9,86.7,0.12,1.9
1989-06-28,8.57,85.6,0.115,1.78
1989-06-29,8.34,81.6,0.111,1.67
1989-06-30,8.27,80.0,0.103,1.64
1989-07-01,8.12,79.7,0.096,1.54
1989-07-02,7.65,76.7,0.092,1.43
1989-07-03,7.07,71.6,0.084,1.32
1989-07-04,6.73,67.0,0.08,1.24
1989-07-05,6.54,63.6,0.075,1.15
1989-07-06,6.35,61.6,0.071,1.07
1989-07-07,6.18,59.6,0.068,1.0
1989-07-08,5.99,58.3,0.064,0.946
1989-07-09,5.84,57.2,0.062,0.9
1989-07-10,6.46,57.8,0.073,0.971
1989-07-11,6.38,58.8,0.065,0.885
1989-07-12,5.93,55.4,0.06,0.787
1989-07-13,7.53,57.3,0.093,1.4
1989-07-14,9.86,66.7,0.077,1.17
1989-07-15,9.01,61.0,0.067,1.03
1989-07-16,8.48,60.7,0.07,1.02
1989-07-17,7.72,59.7,0.067,0.949
1989-07-18,7.0,57.1,0.062,0.832
1989-07-19,6.47,53.6,0.06,0.756
1989-07-20,6.08,51.6,0.058,0.697
1989-07-21,5.63,51.2,0.053,0.649
1989-07-22,5.32,51.7,0.05,0.595
1989-07-23,5.02,49.9,0.048,0.553
1989-07-24,4.62,46.6,0.046,0.505
1989-07-25,4.18,44.4,0.044,0.479
1989-07-26,3.91,42.8,0.044,0.459
1989-07-27,3.76,41.5,0.043,0.435
1989-07-28,3.56,40.2,0.041,0.404
1989-07-29,3.47,39.3,0.039,0.37
1989-07-30,3.42,38.2,0.038,0.346
1989-07-31,3.38,37.4,0.037,0.336
1989-08-01,3.44,36.8,0.037,0.351
1989-08-02,3.37,36.6,0.039,0.394
1989-08-03,3.22,37.4,0.04,0.369
1989-08-04,3.04,36.2,0.038,0.325
1989-08-05,2.96,34.3,0.036,0.296
1989-08-06,2.91,33.3,0.035,0.278
1989-08-07,2.91,32.0,0.034,0.264
1989-08-08,2.9,31.6,0.033,0.254
1989-08-09,2.93,32.6,0.039,0.274
1989-08-10,2.91,33.4,0.036,0.278
1989-08-11,2.75,31.8,0.033,0.244
1989-08-12,2.69,31.4,0.031,0.236
1989-08-13,2.67,30.7,0.032,0.233
1989-08-14,2.69,30.1,0.031,0.232
1989-08-15,2.75,29.7,0.034,0.242
1989-08-16,2.62,29.2,0.032,0.228
1989-08-17,2.57,29.1,0.036,0.241
1989-08-18,2.49,28.3,0.033,0.228
1989-08-19,2.44,27.3,0.031,0.214
1989-08-20,2.42,26.9,0.032,0.206
1989-08-21,2.45,27.4,0.045,0.251
1989-08-22,2.43,27.5,0.045,0.249
1989-08-23,2.41,27.5,0.037,0.227
1989-08-24,2.71,28.7,0.041,0.304
1989-08-25,2.96,29.9,0.039,0.33
1989-08-26,3.4,31.1,0.076,0.386
1989-08-27,4.43,34.6,0.074,0.478
1989-08-28,4.64,36.3,0.062,0.406
1989-08-29,4.48,36.3,0.053,0.353
1989-08-30,4.22,36.2,0.048,0.368
1989-08-31,4.05,34.8,0.045,0.319
1989-09-01,3.86,33.4,0.043,0.313
1989-09-02,4.79,36.2,0.071,0.786
1989-09-03,4.65,38.1,0.059,0.576
1989-09-04,4.43,36.6,0.052,0.461
1989-09-05,4.79,37.1,0.064,0.49
1989-09-06,4.77,38.0,0.064,0.505
1989-09-07,4.57,37.3,0.061,0.447
1989-09-08,4.5,37.0,0.061,0.423
1989-09-09,4.37,35.8,0.056,0.4
1989-09-10,4.4,35.1,0.057,0.394
1989-09-11,4.21,33.8,0.053,0.374
1989-09-12,4.07,32.4,0.05,0.353
1989-09-13,3.88,31.1,0.046,0.325
1989-09-14,3.7,30.0,0.043,0.308
1989-09-15,3.53,28.6,0.041,0.288
1989-09-16,3.39,27.6,0.038,0.282
1989-09-17,3.32,27.3,0.038,0.28
1989-09-18,3.29,26.9,0.038,0.262
1989-09-19,3.18,26.7,0.037,0.28
1989-09-20,3.06,25.6,0.036,0.259
1989-09-21,2.99,24.5,0.035,0.239
1989-09-22,2.88,24.0,0.035,0.235
1989-09-23,2.84,23.3,0.034,0.236
1989-09-24,2.73,22.7,0.034,0.217
1989-09-25,2.68,22.3,0.033,0.223
1989-09-26,2.68,22.0,0.033,0.224
1989-09-27,2.53,21.4,0.032,0.214
1989-09-28,2.47,21.3,0.032,0.213
1989-09-29,2.42,21.3,0.032,0.205
1989-09-30,2.37,21.1,0.032,0.199
1989-10-01,2.39,20.8,0.033,0.203
1989-10-02,2.37,20.7,0.032,0.197
1989-10-03,2.34,21.0,0.031,0.228
1990-04-01,2.13,29.1,0.279,0.359
1990-04-02,2.41,35.3,0.346,0.447
1990-04-03,3.09,42.6,0.388,0.721
1990-04-04,3.44,45.4,0.308,0.798
1990-04-05,3.31,41.8,0.225,0.66
1990-04-06,3.2,39.7,0.205,0.589
1990-04-07,3.22,39.5,0.198,0.572
1990-04-08,3.34,40.2,0.202,0.583
1990-04-09,3.16,38.5,0.17,0.54
1990-04-10,3.03,35.3,0.142,0.497
1990-04-11,3.16,34.3,0.128,0.497
1990-04-12,3.19,33.6,0.126,0.444
1990-04-13,3.15,33.8,0.128,0.44
1990-04-14,3.23,33.4,0.137,0.472
1990-04-15,3.59,35.2,0.178,0.611
1990-04-16,3.93,37.9,0.21,0.786
1990-04-17,4.16,40.5,0.211,0.93
1990-04-18,4.89,44.2,0.244,1.14
1990-04-19,6.27,51.5,0.343,1.59
1990-04-20,7.97,64.0,0.405,2.17
1990-04-21,9.38,75.4,0.447,2.58
1990-04-22,10.2,86.0,0.466,2.88
1990-04-23,10.4,91.5,0.417,2.95
1990-04-24,10.3,91.5,0.374,2.7
1990-04-25,9.79,87.2,0.325,2.34
1990-04-26,9.26,81.4,0.264,1.94
1990-04-27,8.79,76.5,0.224,1.67
1990-04-28,8.44,71.9,0.202,1.5
1990-04-29,7.81,65.6,0.172,1.29
1990-04-30,7.41,60.9,0.159,1.18
1990-05-01,7.31,57.8,0.167,1.14
1990-05-02,7.53,56.7,0.175,1.16
1990-05-03,7.72,56.4,0.199,1.3
1990-05-04,8.72,60.1,0.264,1.77
1990-05-05,11.2,73.3,0.456,2.75
1990-05-06,17.1,108.0,0.65,4.15
1990-05-07,17.0,125.0,0.476,3.56
1990-05-08,14.9,116.0,0.341,2.77
1990-05-09,13.0,99.9,0.268,2.3
1990-05-10,12.0,89.8,0.236,2.06
1990-05-11,11.1,83.0,0.221,1.95
1990-05-12,10.9,80.3,0.226,1.96
1990-05-13,10.6,79.7,0.231,1.87
1990-05-14,10.3,78.4,0.244,1.84
1990-05-15,10.1,76.4,0.24,1.77
1990-05-16,9.96,74.5,0.236,1.77
1990-05-17,9.87,74.0,0.238,1.96
1990-05-18,10.4,76.9,0.254,2.17
1990-05-19,10.8,79.8,0.264,2.32
1990-05-20,10.9,82.0,0.277,2.44
1990-05-21,10.9,82.8,0.276,2.41
1990-05-22,10.7,82.9,0.281,2.3
1990-05-23,11.7,91.8,0.358,2.94
1990-05-24,16.3,119.0,0.524,4.16
1990-05-25,32.5,174.0,0.782,5.14
1990-05-26,31.1,195.0,0.616,4.11
1990-05-27,27.9,195.0,0.497,3.76
1990-05-28,26.0,201.0,0.487,4.16
1990-05-29,36.4,243.0,0.616,5.78
1990-05-30,40.4,309.0,0.93,7.22
1990-05-31,35.6,330.0,0.81,5.98
1990-06-01,32.7,319.0,0.802,5.47
1990-06-02,29.3,280.0,0.651,4.29
1990-06-03,25.9,244.0,0.512,3.91
1990-06-04,25.4,233.0,0.504,5.04
1990-06-05,22.9,222.0,0.445,4.3
1990-06-06,20.3,204.0,0.392,3.85
1990-06-07,19.2,201.0,0.476,4.95
1990-06-08,18.1,198.0,0.486,4.78
1990-06-09,16.8,185.0,0.441,4.69
1990-06-10,17.1,198.0,0.467,5.54
1990-06-11,18.1,221.0,0.474,5.47
1990-06-12,16.7,215.0,0.418,4.57
1990-06-13,14.7,189.0,0.339,3.94
1990-06-14,13.3,169.0,0.309,3.65
1990-06-15,12.5,158.0,0.305,3.55
1990-06-16,12.3,161.0,0.333,3.83
1990-06-17,12.7,174.0,0.374,4.51
1990-06-18,13.2,193.0,0.391,5.09
1990-06-19,13.8,206.0,0.388,5.49
1990-06-20,14.8,216.0,0.4,6.01
1990-06-21,15.1,216.0,0.373,5.52
1990-06-22,14.8,216.0,0.353,5.25
1990-06-23,15.2,226.0,0.379,5.68
1990-06-24,15.4,239.0,0.389,5.61
1990-06-25,15.5,242.0,0.352,5.37
1990-06-26,15.1,240.0,0.323,4.98
1990-06-27,14.4,225.0,0.294,4.47
1990-06-28,13.5,205.0,0.256,3.91
1990-06-29,12.5,184.0,0.23,3.53
1990-06-30,11.8,173.0,0.211,3.51
1990-07-01,11.7,176.0,0.195,3.5
1990-07-02,11.5,170.0,0.189,3.26
1990-07-03,11.3,161.0,0.179,3.03
1990-07-04,10.3,146.0,0.154,2.55
1990-07-05,9.57,132.0,0.138,2.27
1990-07-06,9.25,123.0,0.129,2.14
1990-07-07,9.44,122.0,0.13,2.29
1990-07-08,9.06,120.0,0.113,2.04
1990-07-09,8.65,114.0,0.1,1.93
1990-07-10,8.44,113.0,0.088,1.87
1990-07-11,8.25,111.0,0.083,1.77
1990-07-12,8.19,108.0,0.081,1.7
1990-07-13,8.07,107.0,0.075,1.62
1990-07-14,7.82,104.0,0.071,1.52
1990-07-15,7.57,97.7,0.068,1.35
1990-07-16,7.27,89.7,0.066,1.2
1990-07-17,6.96,84.5,0.063,1.12
1990-07-18,6.67,80.5,0.062,1.04
1990-07-19,6.52,77.7,0.062,0.937
1990-07-20,6.32,73.1,0.062,0.824
1990-07-21,5.98,67.3,0.057,0.741
1990-07-22,5.71,64.1,0.059,0.745
1990-07-23,5.6,62.1,0.058,0.771
1990-07-24,5.74,62.2,0.054,0.765
1990-07-25,11.7,76.3,0.096,1.6
1990-07-26,13.3,109.0,0.078,1.42
1990-07-27,11.2,108.0,0.073,1.15
1990-07-28,9.83,98.1,0.065,0.966
1990-07-29,8.75,88.4,0.058,0.861
1990-07-30,7.99,80.9,0.055,0.777
1990-07-31,7.51,75.3,0.055,0.736
1990-08-01,7.13,74.3,0.064,0.694
1990-08-02,6.83,73.1,0.067,0.675
1990-08-03,6.45,69.8,0.063,0.611
1990-08-04,6.09,64.6,0.061,0.584
1990-08-05,5.79,61.9,0.05,0.527
1990-08-06,5.5,58.7,0.043,0.475
1990-08-07,5.22,57.2,0.047,0.441
1990-08-08,4.99,56.2,0.046,0.451
1990-08-09,4.84,54.7,0.045,0.425
1990-08-10,4.69,52.3,0.045,0.414
1990-08-11,4.57,51.3,0.046,0.397
1990-08-12,4.5,51.2,0.042,0.381
1990-08-13,4.28,50.9,0.04,0.364
1990-08-14,4.15,48.8,0.038,0.342
1990-08-15,4.07,47.6,0.038,0.332
1990-08-16,4.13,46.9,0.039,0.309
1990-08-17,3.93,45.9,0.033,0.297
1990-08-18,3.86,44.3,0.038,0.3
1990-08-19,4.0,43.5,0.034,0.299
1990-08-20,4.33,43.9,0.035,0.387
1990-08-21,4.28,42.7,0.036,0.306
1990-08-22,4.08,41.6,0.037,0.305
1990-08-23,3.98,42.1,0.047,0.285
1990-08-24,3.87,42.4,0.042,0.268
1990-08-25,3.96,43.2,0.042,0.272
1990-08-26,3.95,42.3,0.044,0.262
1990-08-27,3.75,40.0,0.039,0.254
1990-08-28,3.55,36.6,0.038,0.231
1990-08-29,3.43,35.6,0.037,0.22
1990-08-30,3.39,35.2,0.035,0.243
1990-08-31,3.3,34.4,0.038,0.252
1990-09-01,3.22,34.5,0.037,0.232
1990-09-02,3.18,34.0,0.038,0.209
1990-09-03,3.14,32.5,0.034,0.203
1990-09-04,3.06,32.6,0.037,0.197
1990-09-05,2.98,31.3,0.033,0.19
1990-09-06,2.88,30.6,0.03,0.185
1990-09-07,2.76,29.7,0.031,0.181
1990-09-08,2.69,29.4,0.034,0.175
1990-09-09,2.66,29.7,0.032,0.172
1990-09-10,2.61,28.8,0.03,0.169
1990-09-11,2.53,28.5,0.032,0.168
1990-09-12,2.5,27.6,0.034,0.172
1990-09-13,2.77,27.3,0.032,0.173
1990-09-14,2.56,26.8,0.028,0.171
1990-09-15,2.45,26.5,0.026,0.161
1990-09-16,2.44,25.7,0.029,0.159
1990-09-17,2.36,25.3,0.03,0.162
1990-09-18,2.29,25.1,0.03,0.161
1990-09-19,2.25,25.9,0.028,0.157
1990-09-20,2.21,24.6,0.027,0.158
1990-09-21,2.18,25.1,0.025,0.154
1990-09-22,2.15,24.7,0.025,0.155
1990-09-23,2.1,24.0,0.023,0.152
1990-09-24,2.04,23.4,0.019,0.147
1990-09-25,1.96,23.4,0.02,0.147
1990-09-26,1.93,22.9,0.021,0.149
1990-09-27,1.93,23.1,0.023,0.147
1990-09-28,1.95,23.2,0.024,0.148
1990-09-29,1.94,22.9,0.022,0.149
1990-09-30,1.88,23.0,0.024,0.149
1991-04-01,2.23,21.0,0.118,0.22
1991-04-02,2.48,23.6,0.19,0.235
1991-04-03,2.67,25.8,0.176,0.221
1991-04-04,3.09,34.2,0.188,0.291
1991-04-05,4.75,56.7,0.299,0.641
1991-04-06,6.21,60.5,0.334,0.719
1991-04-07,5.43,48.4,0.239,0.585
1991-04-08,4.95,42.5,0.176,0.457
1991-04-09,4.77,38.6,0.147,0.418
1991-04-10,4.7,36.0,0.135,0.391
1991-04-11,4.55,33.9,0.119,0.366
1991-04-12,4.48,32.3,0.101,0.321
1991-04-13,4.56,32.2,0.104,0.341
1991-04-14,4.69,32.6,0.13,0.34
1991-04-15,4.67,33.3,0.128,0.307
1991-04-16,4.59,32.6,0.127,0.289
1991-04-17,4.55,33.2,0.124,0.285
1991-04-18,4.64,34.0,0.131,0.314
1991-04-19,4.74,36.1,0.166,0.382
1991-04-20,5.26,39.8,0.211,0.512
1991-04-21,6.21,45.9,0.246,0.771
1991-04-22,7.92,55.4,0.292,1.16
1991-04-23,9.93,68.5,0.32,1.52
1991-04-24,12.1,79.3,0.328,1.73
1991-04-25,13.0,85.2,0.317,1.56
1991-04-26,12.4,83.3,0.258,1.31
1991-04-27,11.7,78.0,0.23,1.18
1991-04-28,11.0,74.6,0.208,1.09
1991-04-29,10.8,70.7,0.204,1.01
1991-04-30,10.4,67.2,0.201,0.948
1991-05-01,9.92,65.8,0.194,0.927
1991-05-02,9.36,63.6,0.18,0.888
1991-05-03,8.97,60.8,0.17,0.804
1991-05-04,8.58,58.6,0.159,0.793
1991-05-05,8.37,58.1,0.172,0.848
1991-05-06,8.59,59.7,0.206,1.12
1991-05-07,9.34,66.5,0.288,1.49
1991-05-08,10.7,74.7,0.329,1.76
1991-05-09,11.4,80.2,0.312,1.79
1991-05-10,11.2,77.2,0.253,1.65
1991-05-11,12.5,79.0,0.297,1.94
1991-05-12,19.5,103.0,0.517,3.2
1991-05-13,26.8,150.0,0.712,4.63
1991-05-14,25.7,162.0,0.646,4.03
1991-05-15,24.5,162.0,0.644,4.12
1991-05-16,23.8,164.0,0.65,4.08
1991-05-17,26.3,176.0,0.855,5.22
1991-05-18,39.0,241.0,1.28,7.57
1991-05-19,52.6,298.0,1.47,9.25
1991-05-20,51.1,308.0,1.19,7.82
1991-05-21,46.0,318.0,1.14,6.91
1991-05-22,41.1,313.0,0.957,6.61
1991-05-23,36.7,303.0,0.841,6.13
1991-05-24,33.5,275.0,0.653,5.31
1991-05-25,29.7,256.0,0.567,4.9
1991-05-26,25.6,233.0,0.476,4.36
1991-05-27,22.9,208.0,0.428,4.01
1991-05-28,21.4,194.0,0.421,4.41
1991-05-29,20.7,196.0,0.482,4.84
1991-05-30,20.8,209.0,0.491,4.93
1991-05-31,21.3,218.0,0.655,4.8
1991-06-01,23.1,238.0,0.766,5.75
1991-06-02,25.0,276.0,0.847,6.73
1991-06-03,25.7,302.0,0.841,7.09
1991-06-04,24.1,299.0,0.734,6.08
1991-06-05,21.4,274.0,0.577,4.89
1991-06-06,18.9,237.0,0.511,4.42
1991-06-07,17.6,227.0,0.598,4.81
1991-06-08,17.5,229.0,0.609,5.16
1991-06-09,16.8,226.0,0.578,5.14
1991-06-10,16.8,238.0,0.625,6.01
1991-06-11,19.1,275.0,0.793,7.66
1991-06-12,19.6,290.0,0.704,6.92
1991-06-13,17.3,258.0,0.508,4.8
1991-06-14,14.9,217.0,0.394,3.81
1991-06-15,13.1,186.0,0.339,3.34
1991-06-16,12.1,167.0,0.331,3.24
1991-06-17,11.4,154.0,0.323,3.14
1991-06-18,10.7,140.0,0.308,2.93
1991-06-19,10.7,141.0,0.329,3.28
1991-06-20,30.1,172.0,0.383,8.42
1991-06-21,44.0,217.0,0.478,7.35
1991-06-22,33.6,212.0,0.437,5.32
1991-06-23,26.7,202.0,0.424,4.61
1991-06-24,23.0,206.0,0.418,4.36
1991-06-25,21.6,205.0,0.399,4.12
1991-06-26,21.0,208.0,0.39,3.94
1991-06-27,20.6,209.0,0.398,3.93
1991-06-28,20.4,211.0,0.382,3.81
1991-06-29,19.9,205.0,0.367,3.54
1991-06-30,19.7,205.0,0.362,3.9
1991-07-01,18.6,203.0,0.345,3.83
1991-07-02,17.9,207.0,0.334,3.8
1991-07-03,17.5,212.0,0.334,3.91
1991-07-04,17.6,222.0,0.332,4.02
1991-07-05,17.2,224.0,0.297,3.74
1991-07-06,16.2,202.0,0.258,3.19
1991-07-07,14.5,175.0,0.23,2.63
1991-07-08,13.4,156.0,0.199,2.38
1991-07-09,12.7,143.0,0.181,2.23
1991-07-10,13.9,148.0,0.206,2.54
1991-07-11,13.4,149.0,0.179,2.2
1991-07-12,12.6,140.0,0.156,2.05
1991-07-13,12.2,139.0,0.132,2.0
1991-07-14,11.9,143.0,0.106,1.9
1991-07-15,11.5,139.0,0.097,1.8
1991-07-16,10.9,128.0,0.094,1.65
1991-07-17,10.5,120.0,0.089,1.58
1991-07-18,9.89,115.0,0.077,1.46
1991-07-19,9.36,111.0,0.075,1.3
1991-07-20,8.93,101.0,0.073,1.18
1991-07-21,8.48,93.2,0.072,1.09
1991-07-22,8.22,90.4,0.071,1.02
1991-07-23,8.08,86.4,0.07,1.0
1991-07-24,8.09,83.2,0.069,0.961
1991-07-25,8.03,82.4,0.068,0.921
1991-07-26,7.86,82.6,0.067,0.892
1991-07-27,7.59,81.0,0.067,0.823
1991-07-28,7.28,77.9,0.061,0.747
1991-07-29,6.99,74.7,0.059,0.699
1991-07-30,6.8,71.2,0.053,0.669
1991-07-31,6.64,67.6,0.05,0.633
1991-08-01,6.63,66.7,0.051,0.623
1991-08-02,6.65,66.3,0.057,0.598
1991-08-03,6.29,61.6,0.05,0.554
1991-08-04,6.09,58.7,0.044,0.495
1991-08-05,5.98,57.9,0.039,0.476
1991-08-06,6.36,58.8,0.042,0.521
1991-08-07,6.25,60.6,0.052,0.517
1991-08-08,6.06,59.8,0.042,0.48
1991-08-09,5.86,58.3,0.038,0.449
1991-08-10,5.74,57.6,0.035,0.447
1991-08-11,5.65,57.4,0.035,0.446
1991-08-12,5.59,56.4,0.04,0.437
1991-08-13,5.53,54.9,0.036,0.435
1991-08-14,5.3,53.0,0.036,0.422
1991-08-15,5.1,51.7,0.033,0.4
1991-08-16,5.02,50.9,0.031,0.368
1991-08-17,5.01,50.3,0.031,0.357
1991-08-18,4.81,50.5,0.031,0.344
1991-08-19,4.62,50.7,0.03,0.327
1991-08-20,4.44,49.3,0.03,0.302
1991-08-21,4.31,47.5,0.028,0.278
1991-08-22,4.21,47.1,0.028,0.266
1991-08-23,4.17,46.0,0.027,0.261
1991-08-24,4.06,44.7,0.028,0.258
1991-08-25,3.94,42.6,0.031,0.249
1991-08-26,3.82,40.4,0.025,0.231
1991-08-27,3.69,38.5,0.028,0.214
1991-08-28,3.66,38.2,0.029,0.216
1991-08-29,3.64,37.3,0.029,0.222
1991-08-30,3.54,36.1,0.026,0.206
1991-08-31,3.48,35.3,0.024,0.184
1991-09-01,3.4,34.8,0.023,0.181
1991-09-02,3.35,35.0,0.023,0.181
1991-09-03,3.29,34.6,0.024,0.175
1991-09-04,3.25,33.1,0.023,0.172
1991-09-05,3.21,31.9,0.025,0.162
1991-09-06,3.15,31.6,0.023,0.152
1991-09-07,3.12,30.9,0.023,0.149
1991-09-08,3.2,31.4,0.039,0.167
1991-09-09,3.19,32.9,0.03,0.163
1991-09-10,3.07,32.0,0.03,0.153
1991-09-11,2.98,30.1,0.025,0.142
1991-09-12,2.88,28.7,0.026,0.137
1991-09-13,2.8,28.5,0.028,0.135
1991-09-14,2.9,29.7,0.034,0.175
1991-09-15,2.8,28.9,0.031,0.144
1991-09-16,2.76,28.1,0.027,0.13
1991-09-17,2.75,28.6,0.026,0.13
1991-09-18,2.7,27.9,0.027,0.128
1991-09-19,2.65,27.1,0.026,0.131
1991-09-20,2.55,26.3,0.025,0.125
1991-09-21,2.62,27.5,0.031,0.13
1991-09-22,2.64,27.6,0.027,0.13
1991-09-23,2.5,26.4,0.028,0.122
1991-09-24,2.43,25.5,0.024,0.125
1991-09-25,2.38,25.7,0.024,0.115
1991-09-26,2.36,26.0,0.025,0.115
1991-09-27,2.36,25.2,0.025,0.117
1991-09-28,2.32,24.1,0.023,0.121
1991-09-29,2.32,23.7,0.023,0.122
1991-09-30,2.29,23.5,0.022,0.121
1991-10-01,2.21,24.1,0.023,0.124
1991-10-02,2.19,24.7,0.025,0.123
1991-10-03,2.19,25.2,0.024,0.121
1991-10-04,2.24,24.2,0.024,0.125
1991-10-05,2.22,23.9,0.024,0.121
1991-10-06,2.18,23.5,0.023,0.118
1991-10-07,2.1,22.3,0.023,0.116
1991-10-08,2.06,22.0,0.025,0.115
1991-10-09,2.07,22.5,0.026,0.121
1991-10-10,2.02,22.5,0.023,0.123
1991-10-11,1.98,22.0,0.021,0.13
1991-10-12,1.94,21.7,0.026,0.113
1991-10-13,1.95,21.4,0.022,0.112
1991-10-14,1.98,21.3,0.023,0.108
1991-10-15,1.94,21.2,0.022,0.102
1991-10-16,1.95,20.2,0.029,0.097
1991-10-17,1.99,20.0,0.031,0.111
1992-03-26,1.42,19.3,0.086,0.195
1992-03-27,1.44,19.8,0.085,0.189
1992-03-28,1.47,20.4,0.079,0.223
1992-03-29,1.47,19.8,0.07,0.209
1992-03-30,1.47,20.1,0.07,0.212
1992-03-31,1.48,20.2,0.076,0.194
1992-04-01,1.51,21.1,0.086,0.222
1992-04-02,1.62,23.2,0.129,0.339
1992-04-03,1.92,28.0,0.23,0.519
1992-04-04,2.21,32.4,0.223,0.593
1992-04-05,2.1,31.0,0.148,0.451
1992-04-06,2.01,29.4,0.112,0.403
1992-04-07,1.95,28.3,0.088,0.353
1992-04-08,1.89,27.0,0.077,0.4
1992-04-09,1.85,25.8,0.067,0.347
1992-04-10,1.76,26.2,0.064,0.279
1992-04-11,1.71,24.8,0.057,0.309
1992-04-12,1.81,24.0,0.054,0.25
1992-04-13,1.84,24.0,0.062,0.273
1992-04-14,1.88,24.7,0.073,0.355
1992-04-15,1.84,24.9,0.085,0.424
1992-04-16,1.89,26.4,0.11,0.533
1992-04-17,2.24,34.6,0.291,0.905
1992-04-18,2.35,38.5,0.279,0.825
1992-04-19,2.29,35.6,0.199,0.748
1992-04-20,2.32,35.2,0.179,0.786
1992-04-21,2.37,37.3,0.204,0.935
1992-04-22,2.41,39.0,0.185,0.872
1992-04-23,2.34,37.7,0.156,0.789
1992-04-24,2.26,36.2,0.134,0.742
1992-04-25,2.23,36.1,0.13,0.813
1992-04-26,2.3,38.3,0.158,1.13
1992-04-27,2.61,48.2,0.291,1.78
1992-04-28,3.12,61.3,0.421,2.43
1992-04-29,3.62,73.9,0.499,3.0
1992-04-30,5.27,105.0,0.684,4.13
1992-05-01,5.25,106.0,0.562,3.17
1992-05-02,4.61,90.1,0.411,2.37
1992-05-03,4.24,79.9,0.355,2.3
1992-05-04,4.15,80.9,0.37,2.6
1992-05-05,4.3,90.3,0.44,3.18
1992-05-06,4.68,108.0,0.546,3.79
1992-05-07,5.08,126.0,0.6,4.29
1992-05-08,5.69,138.0,0.578,4.33
1992-05-09,6.45,132.0,0.47,3.71
1992-05-10,6.16,116.0,0.383,3.0
1992-05-11,5.69,99.3,0.288,2.44
1992-05-12,5.26,88.2,0.236,2.09
1992-05-13,4.9,77.6,0.211,1.84
1992-05-14,4.5,71.5,0.191,1.75
1992-05-15,4.39,67.9,0.191,1.78
1992-05-16,4.36,64.7,0.186,1.68
1992-05-17,4.22,62.5,0.197,1.77
1992-05-18,4.16,63.8,0.221,2.06
1992-05-19,4.56,71.9,0.252,2.5
1992-05-20,5.74,86.8,0.307,3.23
1992-05-21,6.33,92.5,0.294,2.94
1992-05-22,6.14,86.3,0.255,2.45
1992-05-23,5.78,80.2,0.232,2.38
1992-05-24,5.53,80.0,0.224,2.54
1992-05-25,5.53,83.6,0.239,2.75
1992-05-26,6.02,95.5,0.266,3.09
1992-05-27,6.57,108.0,0.251,3.14
1992-05-28,6.76,113.0,0.237,3.04
1992-05-29,6.65,111.0,0.223,2.95
1992-05-30,6.5,110.0,0.215,2.67
1992-05-31,6.2,102.0,0.193,2.42
1992-06-01,6.15,96.8,0.182,2.52
1992-06-02,6.5,104.0,0.179,2.68
1992-06-03,6.56,108.0,0.158,2.4
1992-06-04,6.17,99.7,0.142,2.12
1992-06-05,5.89,91.0,0.121,1.93
1992-06-06,5.6,84.4,0.11,1.79
1992-06-07,5.22,78.2,0.099,1.68
1992-06-08,5.04,77.1,0.093,1.66
1992-06-09,5.03,77.2,0.082,1.63
1992-06-10,5.06,78.1,0.079,1.59
1992-06-11,5.09,77.5,0.073,1.55
1992-06-12,5.5,80.4,0.072,1.54
1992-06-13,7.75,90.1,0.098,1.81
1992-06-14,9.94,104.0,0.083,1.63
1992-06-15,9.93,103.0,0.073,1.4
1992-06-16,9.41,98.0,0.071,1.32
1992-06-17,8.91,95.5,0.069,1.33
1992-06-18,8.13,96.6,0.064,1.21
1992-06-19,7.46,94.3,0.059,1.12
1992-06-20,6.97,88.7,0.057,1.08
1992-06-21,6.55,83.3,0.054,1.01
1992-06-22,6.2,79.4,0.051,0.951
1992-06-23,5.86,75.9,0.051,0.914
1992-06-24,5.69,73.4,0.049,0.865
1992-06-25,5.55,70.8,0.043,0.831
1992-06-26,5.29,67.2,0.043,0.811
1992-06-27,5.03,64.4,0.042,0.758
1992-06-28,5.49,66.3,0.042,0.722
1992-06-29,5.58,68.4,0.057,0.707
1992-06-30,7.58,73.2,0.06,0.685
1992-07-01,8.04,70.9,0.049,0.625
1992-07-02,7.83,67.5,0.048,0.663
1992-07-03,7.59,67.1,0.047,0.58
1992-07-04,7.24,66.0,0.047,0.527
1992-07-05,8.74,70.3,0.052,0.772
1992-07-06,8.08,70.0,0.05,0.623
1992-07-07,7.78,68.8,0.053,0.627
1992-07-08,8.13,73.5,0.075,0.751
1992-07-09,17.9,107.0,0.197,1.6
1992-07-10,21.4,132.0,0.138,1.48
1992-07-11,17.8,122.0,0.11,1.19
1992-07-12,14.8,110.0,0.094,1.01
1992-07-13,12.2,96.6,0.084,0.903
1992-07-14,10.5,88.8,0.076,0.831
1992-07-15,9.07,79.2,0.068,0.753
1992-07-16,8.06,72.2,0.065,0.684
1992-07-17,7.5,66.4,0.055,0.641
1992-07-18,6.79,62.0,0.053,0.626
1992-07-19,6.57,59.2,0.051,0.625
1992-07-20,6.13,56.7,0.044,0.572
1992-07-21,5.7,54.1,0.043,0.518
1992-07-22,5.36,50.9,0.042,0.502
1992-07-23,6.79,53.6,0.066,0.823
1992-07-24,7.7,61.9,0.066,0.853
1992-07-25,7.49,60.1,0.051,0.667
1992-07-26,6.97,56.5,0.043,0.585
1992-07-27,6.48,54.0,0.041,0.538
1992-07-28,6.23,51.8,0.04,0.532
1992-07-29,5.94,49.4,0.038,0.486
1992-07-30,5.56,47.0,0.039,0.456
1992-07-31,5.24,44.7,0.037,0.421
1992-08-01,4.94,43.8,0.036,0.394
1992-08-02,4.72,41.7,0.035,0.378
1992-08-03,4.6,41.4,0.035,0.367
1992-08-04,4.43,41.1,0.033,0.352
1992-08-05,4.25,40.3,0.03,0.331
1992-08-06,4.06,40.2,0.03,0.322
1992-08-07,3.91,38.9,0.046,0.308
1992-08-08,3.9,39.1,0.047,0.294
1992-08-09,3.63,37.6,0.037,0.278
1992-08-10,3.51,35.7,0.031,0.275
1992-08-11,3.4,34.5,0.033,0.264
1992-08-12,3.34,32.3,0.032,0.251
1992-08-13,3.28,32.1,0.029,0.235
1992-08-14,3.22,31.8,0.031,0.237
1992-08-15,3.13,30.9,0.033,0.225
1992-08-16,3.06,31.4,0.028,0.212
1992-08-17,3.0,31.6,0.029,0.208
1992-08-18,2.96,31.3,0.031,0.198
1992-08-19,2.88,30.3,0.029,0.189
1992-08-20,2.79,30.1,0.026,0.188
1992-08-21,2.83,29.8,0.028,0.195
1992-08-22,3.02,30.3,0.03,0.217
1992-08-23,2.99,30.0,0.032,0.225
1992-08-24,2.96,30.2,0.035,0.229
1992-08-25,2.97,28.0,0.036,0.229
1992-08-26,2.89,27.3,0.038,0.219
1992-08-27,2.84,26.3,0.033,0.199
1992-08-28,2.89,25.7,0.033,0.194
1992-08-29,2.92,26.2,0.033,0.197
1992-08-30,2.84,26.0,0.029,0.185
1992-08-31,2.75,24.1,0.028,0.171
1992-09-01,2.67,24.2,0.027,0.169
1992-09-02,2.56,24.0,0.03,0.167
1992-09-03,2.53,23.0,0.028,0.165
1992-09-04,2.53,22.7,0.03,0.193
1992-09-05,2.66,23.6,0.03,0.242
1992-09-06,2.54,24.4,0.029,0.209
1992-09-07,2.53,24.4,0.028,0.187
1992-09-08,2.52,23.8,0.029,0.227
1992-09-09,2.42,23.0,0.03,0.216
1992-09-10,2.34,22.5,0.029,0.195
1992-09-11,2.28,22.0,0.028,0.188
1992-09-12,2.56,22.8,0.035,0.255
1992-09-13,2.95,25.8,0.038,0.293
1992-09-14,2.71,26.2,0.033,0.246
1992-09-15,2.6,26.7,0.031,0.234
1992-09-16,2.55,26.5,0.031,0.219
1992-09-17,2.47,24.7,0.031,0.206
1992-09-18,2.45,24.4,0.033,0.2
1992-09-19,2.41,24.3,0.03,0.189
1992-09-20,2.36,23.2,0.03,0.183
1992-09-21,2.35,23.1,0.03,0.187
1992-09-22,2.4,24.0,0.031,0.183
1992-09-23,2.45,24.2,0.038,0.18
1992-09-24,2.58,27.1,0.079,0.291
1992-09-25,2.59,27.9,0.056,0.352
1992-09-26,2.68,28.8,0.059,0.385
1992-09-27,2.8,29.7,0.063,0.4
1992-09-28,2.65,28.9,0.052,0.32
1992-09-29,2.49,27.6,0.047,0.276
1992-09-30,2.39,27.0,0.04,0.254
1992-10-01,2.38,26.0,0.04,0.241
1992-10-02,2.37,25.1,0.039,0.23
1992-10-03,2.36,24.6,0.035,0.222
1992-10-04,2.38,24.6,0.037,0.219
1992-10-05,2.38,25.0,0.038,0.222
1992-10-06,2.47,25.2,0.035,0.225
1992-10-07,2.42,24.3,0.034,0.209
1992-10-08,2.34,24.2,0.035,0.213
1992-10-09,2.28,23.6,0.036,0.202
1992-10-10,2.27,22.9,0.036,0.193
1992-10-11,2.21,22.9,0.03,0.18
1992-10-12,2.2,21.8,0.03,0.189
1992-10-13,2.51,22.6,0.04,0.314
1993-03-31,1.49,16.4,0.066,0.146
1993-04-01,1.54,16.6,0.09,0.156
1993-04-02,1.63,17.4,0.106,0.166
1993-04-03,1.74,18.4,0.111,0.2
1993-04-04,1.83,19.5,0.13,0.23
1993-04-05,2.08,21.5,0.129,0.276
1993-04-06,2.09,21.4,0.108,0.19
1993-04-07,2.07,20.0,0.098,0.178
1993-04-08,2.04,19.7,0.103,0.242
1993-04-09,2.15,20.7,0.135,0.303
1993-04-10,2.22,21.7,0.123,0.275
1993-04-11,2.2,21.8,0.11,0.287
1993-04-12,2.21,21.2,0.104,0.281
1993-04-13,2.19,20.8,0.097,0.284
1993-04-14,2.19,20.7,0.1,0.268
1993-04-15,2.25,20.7,0.104,0.274
1993-04-16,2.26,20.5,0.116,0.268
1993-04-17,2.33,21.1,0.124,0.262
1993-04-18,2.45,22.2,0.129,0.288
1993-04-19,2.61,24.6,0.14,0.298
1993-04-20,2.59,24.2,0.132,0.261
1993-04-21,2.66,23.5,0.135,0.201
1993-04-22,2.82,23.5,0.145,0.218
1993-04-23,3.16,24.8,0.165,0.259
1993-04-24,3.4,25.6,0.171,0.284
1993-04-25,3.42,26.9,0.161,0.289
1993-04-26,3.72,28.8,0.205,0.354
1993-04-27,3.77,29.0,0.203,0.342
1993-04-28,3.74,28.7,0.178,0.324
1993-04-29,3.76,28.8,0.162,0.335
1993-04-30,3.99,29.4,0.165,0.398
1993-05-01,4.22,30.9,0.18,0.49
1993-05-02,4.64,32.9,0.204,0.606
1993-05-03,4.68,34.2,0.205,0.612
1993-05-04,4.8,35.3,0.214,0.718
1993-05-05,5.45,38.3,0.274,1.06
1993-05-06,7.07,48.7,0.341,1.52
1993-05-07,7.65,55.4,0.383,1.51
1993-05-08,6.99,54.6,0.281,1.3
1993-05-09,6.35,51.3,0.237,1.18
1993-05-10,6.32,50.9,0.195,1.4
1993-05-11,8.0,65.4,0.344,2.25
1993-05-12,11.3,107.0,0.745,3.41
1993-05-13,14.0,156.0,0.976,4.34
1993-05-14,15.5,193.0,1.0,4.85
1993-05-15,16.1,205.0,0.837,4.68
1993-05-16,16.3,210.0,0.74,4.29
1993-05-17,18.2,212.0,0.653,4.17
1993-05-18,17.7,205.0,0.604,3.99
1993-05-19,16.8,199.0,0.572,4.0
1993-05-20,16.4,196.0,0.571,4.05
1993-05-21,15.9,190.0,0.536,4.0
1993-05-22,14.5,176.0,0.464,3.67
1993-05-23,12.9,157.0,0.399,3.51
1993-05-24,11.3,136.0,0.318,2.89
1993-05-25,10.2,124.0,0.274,2.62
1993-05-26,9.94,122.0,0.269,2.8
1993-05-27,10.1,125.0,0.286,2.89
1993-05-28,9.58,120.0,0.244,2.59
1993-05-29,10.4,126.0,0.277,2.75
1993-05-30,10.0,127.0,0.232,2.48
1993-05-31,9.6,122.0,0.212,2.37
1993-06-01,16.2,159.0,0.381,3.85
1993-06-02,29.3,228.0,0.502,3.72
1993-06-03,25.9,218.0,0.427,2.93
1993-06-04,20.8,180.0,0.305,2.45
1993-06-05,17.2,151.0,0.226,2.12
1993-06-06,14.7,131.0,0.181,1.88
1993-06-07,12.9,118.0,0.159,1.85
1993-06-08,11.8,109.0,0.15,1.83
1993-06-09,10.7,101.0,0.133,1.66
1993-06-10,9.71,94.9,0.123,1.55
1993-06-11,9.13,87.8,0.109,1.43
1993-06-12,13.2,92.5,0.138,1.7
1993-06-13,14.1,95.5,0.155,1.91
1993-06-14,15.4,101.0,0.165,2.04
1993-06-15,17.8,107.0,0.163,2.22
1993-06-16,22.8,123.0,0.173,2.32
1993-06-17,20.8,125.0,0.164,2.07
1993-06-18,18.1,119.0,0.151,1.9
1993-06-19,16.1,118.0,0.134,1.77
1993-06-20,14.5,113.0,0.122,1.64
1993-06-21,13.4,107.0,0.122,1.56
1993-06-22,12.6,104.0,0.129,1.54
1993-06-23,11.3,98.1,0.12,1.44
1993-06-24,10.2,91.0,0.115,1.41
1993-06-25,9.24,83.6,0.104,1.24
1993-06-26,8.64,79.2,0.098,1.14
1993-06-27,8.57,80.7,0.101,1.14
1993-06-28,8.16,81.1,0.086,1.05
1993-06-29,8.16,81.5,0.091,1.17
1993-06-30,7.78,87.9,0.092,1.18
1993-07-01,7.31,90.4,0.082,1.06
1993-07-02,7.13,91.6,0.077,1.03
1993-07-03,7.14,90.3,0.075,0.988
1993-07-04,7.2,88.8,0.078,0.963
1993-07-05,7.53,90.6,0.088,1.16
1993-07-06,7.61,94.8,0.107,1.17
1993-07-07,9.69,103.0,0.163,1.66
1993-07-08,11.1,115.0,0.173,1.73
1993-07-09,12.0,123.0,0.29,1.63
1993-07-10,11.9,129.0,0.293,1.49
1993-07-11,11.5,125.0,0.225,1.49
1993-07-12,28.0,135.0,0.348,1.92
1993-07-13,28.2,146.0,0.415,2.05
1993-07-14,22.5,141.0,0.305,1.83
1993-07-15,19.8,135.0,0.24,1.64
1993-07-16,19.1,126.0,0.196,1.54
1993-07-17,18.0,120.0,0.191,1.48
1993-07-18,16.8,115.0,0.174,1.36
1993-07-19,15.2,110.0,0.157,1.24
1993-07-20,15.1,106.0,0.145,1.3
1993-07-21,14.5,105.0,0.133,1.25
1993-07-22,13.0,98.6,0.122,1.13
1993-07-23,12.0,93.3,0.11,1.05
1993-07-24,12.0,89.7,0.112,1.22
1993-07-25,12.6,90.2,0.115,1.27
1993-07-26,13.1,90.6,0.116,1.28
1993-07-27,13.8,91.4,0.111,1.49
1993-07-28,13.1,88.7,0.103,1.33
1993-07-29,12.2,84.9,0.097,1.2
1993-07-30,11.9,81.7,0.097,1.15
1993-07-31,10.8,77.6,0.082,1.06
1993-08-01,9.92,73.3,0.076,0.99
1993-08-02,9.46,69.0,0.072,0.913
1993-08-03,9.09,66.3,0.068,0.847
1993-08-04,8.63,63.2,0.064,0.803
1993-08-05,8.79,60.0,0.062,0.765
1993-08-06,9.22,58.9,0.06,0.739
1993-08-07,8.46,58.9,0.059,0.679
1993-08-08,8.26,58.5,0.055,0.628
1993-08-09,7.52,56.4,0.05,0.58
1993-08-10,7.15,53.8,0.048,0.545
1993-08-11,6.89,52.9,0.047,0.511
1993-08-12,6.64,51.4,0.048,0.487
1993-08-13,6.43,49.3,0.046,0.458
1993-08-14,6.2,47.1,0.045,0.451
1993-08-15,6.39,46.3,0.046,0.439
1993-08-16,6.94,48.3,0.054,0.572
1993-08-17,7.94,55.9,0.051,0.58
1993-08-18,7.74,58.6,0.046,0.49
1993-08-19,7.2,56.5,0.044,0.464
1993-08-20,6.88,53.3,0.041,0.4
1993-08-21,6.93,51.2,0.042,0.435
1993-08-22,6.65,49.8,0.039,0.409
1993-08-23,6.29,48.8,0.046,0.401
1993-08-24,6.66,49.3,0.058,0.441
1993-08-25,6.17,48.0,0.044,0.388
1993-08-26,5.85,47.3,0.042,0.345
1993-08-27,5.66,45.5,0.04,0.352
1993-08-28,5.65,45.0,0.039,0.356
1993-08-29,5.76,46.5,0.039,0.367
1993-08-30,5.66,46.9,0.034,0.33
1993-08-31,5.45,46.7,0.033,0.308
1993-09-01,5.55,46.4,0.035,0.359
1993-09-02,5.68,45.9,0.038,0.389
1993-09-03,5.36,44.7,0.035,0.326
1993-09-04,5.13,45.1,0.038,0.337
1993-09-05,5.34,45.1,0.045,0.335
1993-09-06,5.12,43.9,0.038,0.308
1993-09-07,4.91,41.9,0.033,0.292
1993-09-08,4.71,40.6,0.033,0.268
1993-09-09,4.51,39.5,0.034,0.254
1993-09-10,4.49,38.2,0.034,0.243
1993-09-11,4.44,37.8,0.034,0.246
1993-09-12,4.92,39.1,0.051,0.332
1993-09-13,4.62,38.2,0.043,0.281
1993-09-14,4.52,37.7,0.043,0.285
1993-09-15,5.57,38.8,0.069,0.451
1993-09-16,5.37,38.6,0.058,0.412
1993-09-17,5.11,37.8,0.049,0.367
1993-09-18,5.04,37.2,0.047,0.331
1993-09-19,4.99,36.4,0.045,0.315
1993-09-20,5.16,36.4,0.044,0.307
1993-09-21,5.51,36.1,0.046,0.326
1993-09-22,5.43,35.1,0.046,0.308
1993-09-23,5.3,34.3,0.044,0.302
1993-09-24,5.21,33.8,0.042,0.286
1993-09-25,5.1,33.4,0.043,0.261
1993-09-26,5.05,33.1,0.043,0.261
1993-09-27,4.97,32.8,0.044,0.247
1993-09-28,4.92,32.4,0.042,0.235
1993-09-29,4.91,32.0,0.04,0.227
1993-09-30,4.83,31.8,0.038,0.221
1993-10-01,4.79,32.0,0.036,0.218
1993-10-02,4.69,31.0,0.036,0.212
1993-10-03,4.54,29.9,0.035,0.216
1993-10-04,4.38,29.9,0.037,0.203
1993-10-05,4.26,29.3,0.037,0.199
1993-10-06,4.32,29.4,0.052,0.204
1994-03-30,2.14,18.5,0.121,0.191
1994-03-31,2.29,19.4,0.167,0.189
1994-04-01,2.48,21.7,0.183,0.198
1994-04-02,2.53,23.0,0.176,0.19
1994-04-03,2.77,25.6,0.185,0.212
1994-04-04,2.79,26.3,0.164,0.222
1994-04-05,2.81,25.6,0.136,0.21
1994-04-06,2.79,24.7,0.112,0.2
1994-04-07,2.74,23.7,0.098,0.195
1994-04-08,2.68,23.0,0.09,0.188
1994-04-09,2.64,23.2,0.083,0.189
1994-04-10,2.75,23.9,0.096,0.206
1994-04-11,3.07,25.6,0.148,0.266
1994-04-12,3.76,29.0,0.196,0.376
1994-04-13,4.28,32.5,0.192,0.399
1994-04-14,4.05,31.7,0.157,0.342
1994-04-15,3.94,29.7,0.14,0.346
1994-04-16,4.59,32.0,0.204,0.487
1994-04-17,6.93,41.5,0.419,0.944
1994-04-18,9.07,57.8,0.546,1.34
1994-04-19,8.48,63.3,0.442,1.38
1994-04-20,8.72,65.8,0.473,1.54
1994-04-21,10.0,75.5,0.57,1.95
1994-04-22,11.6,95.3,0.623,2.32
1994-04-23,11.2,103.0,0.557,2.24
1994-04-24,10.5,99.3,0.433,2.07
1994-04-25,9.45,89.4,0.298,1.71
1994-04-26,8.7,77.9,0.225,1.46
1994-04-27,8.14,70.0,0.205,1.3
1994-04-28,7.75,64.9,0.193,1.17
1994-04-29,7.52,61.2,0.192,1.15
1994-04-30,7.47,60.7,0.193,1.23
1994-05-01,7.58,62.3,0.201,1.34
1994-05-02,7.51,62.5,0.194,1.31
1994-05-03,7.46,61.0,0.195,1.28
1994-05-04,7.48,61.1,0.206,1.36
1994-05-05,7.63,61.5,0.204,1.5
1994-05-06,7.88,64.4,0.221,1.87
1994-05-07,9.04,76.7,0.348,2.58
1994-05-08,11.1,106.0,0.485,3.22
1994-05-09,12.4,127.0,0.544,3.77
1994-05-10,14.4,159.0,0.647,4.79
1994-05-11,15.1,169.0,0.605,4.83
1994-05-12,16.7,180.0,0.631,5.7
1994-05-13,17.0,191.0,0.555,5.25
1994-05-14,15.1,172.0,0.436,3.93
1994-05-15,14.2,155.0,0.416,3.51
1994-05-16,14.2,155.0,0.482,3.78
1994-05-17,12.5,137.0,0.374,3.01
1994-05-18,11.7,123.0,0.3,2.54
1994-05-19,12.5,113.0,0.282,2.46
1994-05-20,14.8,111.0,0.291,2.53
1994-05-21,15.0,112.0,0.379,2.72
1994-05-22,14.0,112.0,0.374,2.8
1994-05-23,13.7,112.0,0.332,2.91
1994-05-24,14.0,118.0,0.356,3.1
1994-05-25,14.9,133.0,0.409,3.42
1994-05-26,15.6,153.0,0.416,3.71
1994-05-27,16.1,168.0,0.37,4.11
1994-05-28,15.3,165.0,0.317,3.37
1994-05-29,13.9,149.0,0.274,2.9
1994-05-30,12.5,131.0,0.218,2.5
1994-05-31,11.0,114.0,0.199,2.24
1994-06-01,10.6,111.0,0.217,2.37
1994-06-02,10.5,115.0,0.219,2.48
1994-06-03,10.5,119.0,0.213,2.42
1994-06-04,10.7,126.0,0.244,2.57
1994-06-05,10.7,133.0,0.237,2.56
1994-06-06,11.1,135.0,0.26,2.77
1994-06-07,11.8,149.0,0.26,2.74
1994-06-08,10.9,144.0,0.217,2.24
1994-06-09,9.98,129.0,0.195,2.0
1994-06-10,9.23,117.0,0.174,1.84
1994-06-11,8.79,111.0,0.166,1.79
1994-06-12,8.68,112.0,0.163,1.85
1994-06-13,9.11,119.0,0.191,2.12
1994-06-14,9.13,122.0,0.176,1.93
1994-06-15,8.69,115.0,0.189,1.88
1994-06-16,8.35,106.0,0.217,1.78
1994-06-17,7.81,99.7,0.247,1.71
1994-06-18,7.52,94.4,0.226,1.61
1994-06-19,7.48,92.4,0.206,1.53
1994-06-20,7.44,92.0,0.183,1.48
1994-06-21,7.59,91.9,0.16,1.49
1994-06-22,7.74,95.4,0.14,1.52
1994-06-23,7.84,99.1,0.123,1.52
1994-06-24,7.87,104.0,0.104,1.51
1994-06-25,7.73,103.0,0.092,1.38
1994-06-26,7.71,101.0,0.095,1.43
1994-06-27,7.46,99.2,0.084,1.3
1994-06-28,7.03,95.7,0.077,1.15
1994-06-29,6.72,90.9,0.071,1.07
1994-06-30,6.41,86.8,0.067,0.983
1994-07-01,6.23,82.7,0.062,0.924
1994-07-02,6.22,80.9,0.072,0.934
1994-07-03,6.05,78.5,0.065,0.869
1994-07-04,5.46,73.7,0.06,0.802
1994-07-05,5.42,69.0,0.056,0.706
1994-07-06,5.1,65.1,0.053,0.653
1994-07-07,4.93,61.7,0.052,0.606
1994-07-08,4.73,60.5,0.049,0.586
1994-07-09,4.68,61.5,0.046,0.565
1994-07-10,4.66,61.2,0.041,0.537
1994-07-11,4.5,59.6,0.04,0.511
1994-07-12,4.36,56.8,0.04,0.501
1994-07-13,4.23,54.5,0.038,0.469
1994-07-14,4.31,51.8,0.039,0.578
1994-07-15,4.22,52.7,0.038,0.663
1994-07-16,4.1,52.5,0.036,0.645
1994-07-17,3.91,53.1,0.035,0.547
1994-07-18,3.81,51.9,0.033,0.477
1994-07-19,3.74,50.3,0.032,0.449
1994-07-20,3.66,49.0,0.032,0.407
1994-07-21,3.56,46.6,0.032,0.371
1994-07-22,3.43,44.9,0.031,0.361
1994-07-23,3.45,44.5,0.031,0.346
1994-07-24,3.47,44.3,0.031,0.324
1994-07-25,3.41,45.9,0.033,0.359
1994-07-26,3.66,45.3,0.03,0.324
1994-07-27,3.36,43.9,0.028,0.299
1994-07-28,3.19,42.1,0.027,0.274
1994-07-29,3.09,40.4,0.025,0.252
1994-07-30,3.0,39.4,0.024,0.245
1994-07-31,2.96,38.9,0.025,0.237
1994-08-01,2.86,37.1,0.024,0.224
1994-08-02,2.79,36.2,0.024,0.21
1994-08-03,2.71,35.7,0.031,0.214
1994-08-04,2.91,35.6,0.034,0.208
1994-08-05,2.84,36.6,0.023,0.208
1994-08-06,2.73,35.3,0.022,0.181
1994-08-07,2.69,33.9,0.023,0.17
1994-08-08,2.68,34.6,0.024,0.168
1994-08-09,2.72,35.5,0.024,0.173
1994-08-10,2.63,34.0,0.022,0.16
1994-08-11,2.53,32.1,0.021,0.154
1994-08-12,2.48,30.4,0.021,0.15
1994-08-13,2.42,29.0,0.02,0.145
1994-08-14,2.4,28.7,0.019,0.142
1994-08-15,2.36,28.0,0.021,0.142
1994-08-16,2.32,27.6,0.02,0.138
1994-08-17,2.28,27.5,0.02,0.139
1994-08-18,2.24,27.5,0.02,0.14
1994-08-19,2.17,26.7,0.019,0.139
1994-08-20,2.14,26.1,0.019,0.134
1994-08-21,2.13,25.4,0.018,0.131
1994-08-22,2.07,25.2,0.018,0.128
1994-08-23,2.02,25.2,0.018,0.127
1994-08-24,2.01,24.4,0.018,0.125
1994-08-25,1.99,23.8,0.018,0.123
1994-08-26,2.06,23.6,0.02,0.122
1994-08-27,2.06,24.4,0.019,0.121
1994-08-28,2.02,24.0,0.018,0.119
1994-08-29,1.96,23.7,0.018,0.116
1994-08-30,2.18,23.9,0.019,0.115
1994-08-31,2.14,23.8,0.019,0.118
1994-09-01,2.06,23.6,0.019,0.117
1994-09-02,2.01,23.5,0.018,0.114
1994-09-03,2.0,23.5,0.022,0.113
1994-09-04,1.96,23.0,0.023,0.112
1994-09-05,1.9,22.4,0.019,0.111
1994-09-06,1.88,21.7,0.019,0.108
1994-09-07,1.81,21.3,0.018,0.102
1994-09-08,1.78,20.7,0.017,0.096
1994-09-09,1.79,20.3,0.016,0.091
1994-09-10,1.82,20.2,0.018,0.1
1994-09-11,1.89,20.1,0.018,0.096
1994-09-12,1.84,20.8,0.017,0.097
1994-09-13,1.84,20.8,0.016,0.097
1994-09-14,1.75,20.0,0.015,0.092
1994-09-15,1.74,19.8,0.016,0.089
1994-09-16,1.73,19.6,0.017,0.087
1994-09-17,1.71,19.2,0.017,0.081
1994-09-18,1.69,18.8,0.016,0.08
1994-09-19,1.67,18.7,0.016,0.08
1994-09-20,1.65,18.5,0.016,0.079
1994-09-21,1.63,18.3,0.016,0.08
1994-09-22,1.68,18.2,0.016,0.08
1994-09-23,1.62,18.2,0.016,0.08
1994-09-24,1.57,18.0,0.016,0.074
1994-09-25,1.58,17.8,0.014,0.075
1994-09-26,1.56,17.9,0.015,0.074
1994-09-27,1.53,17.4,0.016,0.074
1994-09-28,1.55,17.2,0.017,0.073
1994-09-29,1.54,17.4,0.017,0.073
1994-09-30,1.57,17.5,0.017,0.074
1994-10-01,1.59,18.0,0.018,0.074
1994-10-02,1.77,18.9,0.022,0.099
1994-10-03,1.71,18.9,0.019,0.097
1994-10-04,1.67,18.5,0.019,0.097
1994-10-05,1.67,18.4,0.019,0.099
1994-10-06,1.6,18.0,0.019,0.097
1994-10-07,1.6,17.3,0.018,0.097
1994-10-08,1.57,17.0,0.016,0.098
1994-10-09,1.55,17.0,0.017,0.087
1994-10-10,1.52,16.7,0.02,0.093
1994-10-11,1.61,17.0,0.026,0.106
1994-10-12,1.64,17.2,0.02,0.102
1994-10-13,1.61,17.0,0.019,0.109
1995-03-30,1.4,16.1,0.091,0.202
1995-03-31,1.41,16.7,0.111,0.192
1995-04-01,1.48,17.8,0.146,0.211
1995-04-02,1.53,18.0,0.132,0.203
1995-04-03,1.5,18.5,0.116,0.193
1995-04-04,1.54,18.5,0.126,0.221
1995-04-05,1.68,19.8,0.153,0.271
1995-04-06,1.66,20.5,0.15,0.272
1995-04-07,1.67,20.4,0.139,0.274
1995-04-08,1.68,20.3,0.134,0.269
1995-04-09,1.68,20.0,0.131,0.261
1995-04-10,1.67,19.7,0.116,0.249
1995-04-11,1.7,19.7,0.109,0.246
1995-04-12,1.65,19.5,0.106,0.268
1995-04-13,1.75,20.4,0.108,0.263
1995-04-14,1.81,20.9,0.11,0.272
1995-04-15,1.8,20.0,0.104,0.263
1995-04-16,1.81,19.8,0.096,0.33
1995-04-17,1.83,19.2,0.094,0.276
1995-04-18,1.8,19.5,0.096,0.249
1995-04-19,1.85,19.3,0.096,0.246
1995-04-20,2.03,19.5,0.096,0.244
1995-04-21,2.26,20.5,0.098,0.251
1995-04-22,2.44,20.5,0.107,0.257
1995-04-23,2.42,20.3,0.138,0.287
1995-04-24,2.57,21.5,0.183,0.344
1995-04-25,2.68,22.9,0.184,0.368
1995-04-26,2.63,23.3,0.172,0.373
1995-04-27,2.56,23.9,0.162,0.392
1995-04-28,2.53,23.8,0.146,0.381
1995-04-29,2.51,23.5,0.133,0.355
1995-04-30,2.48,22.8,0.119,0.336
1995-05-01,2.42,22.4,0.113,0.341
1995-05-02,2.49,22.4,0.121,0.382
1995-05-03,2.62,24.1,0.133,0.399
1995-05-04,2.93,24.4,0.168,0.473
1995-05-05,3.84,25.9,0.198,0.723
1995-05-06,9.48,31.0,0.263,1.37
1995-05-07,8.01,36.7,0.288,1.49
1995-05-08,6.8,37.4,0.256,1.38
1995-05-09,6.18,37.5,0.241,1.48
1995-05-10,6.43,41.4,0.318,1.87
1995-05-11,7.35,49.9,0.431,2.2
1995-05-12,8.21,56.9,0.436,2.29
1995-05-13,7.92,59.0,0.393,2.06
1995-05-14,8.1,61.1,0.382,2.38
1995-05-15,10.4,75.5,0.435,3.64
1995-05-16,12.3,95.8,0.439,3.91
1995-05-17,12.7,106.0,0.441,3.93
1995-05-18,16.1,123.0,0.439,4.44
1995-05-19,16.0,125.0,0.444,3.83
1995-05-20,14.5,118.0,0.444,3.56
1995-05-21,14.2,116.0,0.422,3.62
1995-05-22,12.6,106.0,0.355,3.11
1995-05-23,11.8,103.0,0.354,3.12
1995-05-24,11.4,105.0,0.364,3.31
1995-05-25,12.3,115.0,0.376,3.18
1995-05-26,11.8,110.0,0.273,2.75
1995-05-27,11.2,102.0,0.266,2.96
1995-05-28,11.8,112.0,0.324,3.7
1995-05-29,15.3,143.0,0.385,4.86
1995-05-30,19.9,194.0,0.438,6.14
1995-05-31,23.5,245.0,0.5,6.89
1995-06-01,23.8,275.0,0.627,6.5
1995-06-02,22.5,269.0,0.66,5.91
1995-06-03,22.2,274.0,0.654,5.72
1995-06-04,21.7,280.0,0.64,5.36
1995-06-05,20.4,279.0,0.617,5.02
1995-06-06,57.2,317.0,3.8,12.4
1995-06-07,92.8,642.0,5.42,10.6
1995-06-08,53.9,534.0,1.3,5.89
1995-06-09,37.3,351.0,0.549,4.42
1995-06-10,29.1,270.0,0.439,3.96
1995-06-15,18.9,191.0,0.355,3.17
1995-07-17,8.18,84.2,0.081,0.736
1995-08-31,3.45,33.9,0.024,0.329
1995-10-10,2.68,25.0,0.198,0.344
